:10000000C08C0020011A000069C60000ED19000034
:10001000ED190000ED190000ED190000ED190000C8
:10002000000000000000000000000000651B000050
:10003000ED19000000000000FD1A0000ED1900009D
:10004000C11C0000C11C0000C11C0000C11C00003C
:10005000C11C0000C11C0000C11C0000C11C00002C
:10006000C11C0000C11C0000C11C0000C11C00001C
:10007000C11C0000C11C0000C11C0000C11C00000C
:10008000C11C0000C11C0000C11C0000C11C0000FC
:10009000C11C0000C11C0000C11C0000C11C0000EC
:1000A000C11C0000C11C0000C11C0000C11C0000DC
:1000B000C11C0000C11C0000C11C0000C11C0000CC
:1000C000C11C0000C11C0000C11C0000C11C0000BC
:1000D000C11C0000C11C0000C11C0000C11C0000AC
:1000E000C11C0000C11C0000C11C0000C11C00009C
:1000F000C11C0000C11C0000C11C0000C11C00008C
:10010000C11C0000C11C0000C11C0000C11C00007B
:10011000C11C0000C11C0000C11C0000C11C00006B
:10012000C11C0000C11C0000C11C0000C11C00005B
:10013000C11C0000C11C0000C11C0000C11C00004B
:10014000C11C0000C11C0000C11C0000C11C00003B
:04015000C11C0000CE
:1001580081F0004102E000BF83F0004330B54FEA70
:1001680041044FEA430594EA050F08BF90EA020FDD
:100178001FBF54EA000C55EA020C7FEA645C7FEA70
:10018800655C00F0E2804FEA5454D4EB5555B8BF93
:100198006D420CDD2C4480EA020281EA030382EA04
:1001A800000083EA010180EA020281EA0303362D96
:1001B80088BF30BD11F0004F4FEA01314FF4801C69
:1001C8004CEA113102D0404261EB410113F0004F7B
:1001D8004FEA03334CEA133302D0524263EB430332
:1001E80094EA050F00F0A780A4F10104D5F1200ED0
:1001F8000DDB02FA0EFC22FA05F2801841F100012B
:1002080003FA0EF2801843FA05F359410EE0A5F1FE
:1002180020050EF1200E012A03FA0EFC28BF4CF02F
:10022800020C43FA05F3C01851EBE37101F00045E5
:1002380007D54FF0000EDCF1000C7EEB00006EEBF2
:100248000101B1F5801F1BD3B1F5001F0CD349087C
:100258005FEA30004FEA3C0C04F101044FEA4452D3
:1002680012F5800F80F09A80BCF1004F08BF5FEA5A
:10027800500C50F1000041EB045141EA050130BD3A
:100288005FEA4C0C404141EB0101013C28BFB1F54C
:10029800801FE9D291F0000F04BF01460020B1FA97
:1002A80081F308BF2033A3F10B03B3F120020CDA6A
:1002B8000C3208DD02F1140CC2F10C0201FA0CF048
:1002C80021FA02F10CE002F11402D8BFC2F1200CAD
:1002D80001FA02F120FA0CFCDCBF41EA0C01904063
:1002E800E41AA2BF01EB0451294330BD6FEA0404AC
:1002F8001F3C1CDA0C340EDC04F11404C4F1200297
:1003080020FA04F001FA02F340EA030021FA04F3A8
:1003180045EA030130BDC4F10C04C4F1200220FAFF
:1003280002F001FA04F340EA0300294630BD21FA3D
:1003380004F0294630BD94F0000F83F4801306BF03
:1003480081F480110134013D4EE77FEA645C18BFF7
:100358007FEA655C29D094EA050F08BF90EA020F8E
:1003680005D054EA000C04BF1946104630BD91EA86
:10037800030F1EBF0021002030BD5FEA545C05D189
:100388004000494128BF41F0004130BD14F58004C8
:100398003CBF01F5801130BD01F0004545F0FE413C
:1003A80041F470014FF0000030BD7FEA645C1ABF71
:1003B800194610467FEA655C1CBF0B46024650EAA8
:1003C800013406BF52EA033591EA030F41F40021D4
:1003D80030BD00BF90F0000F04BF0021704730B55A
:1003E8004FF4806404F132044FF000054FF000012F
:1003F80050E700BF90F0000F04BF0021704730B5F0
:100408004FF4806404F1320410F0004548BF4042C4
:100418004FF000013EE700BF42004FEAE2014FEA19
:1004280031014FEA02701FBF12F07F4393F07F4FF4
:1004380081F06051704732F07F4208BF704793F0F7
:100448007F4F04BF41F40021704730B54FF460740A
:1004580001F0004521F000411CE700BF50EA01020D
:1004680008BF704730B54FF000050AE050EA0102B6
:1004780008BF704730B511F0004502D5404261EB26
:1004880041014FF4806404F132045FEA915C3FF467
:10049800D8AE4FF003025FEADC0C18BF03325FEA04
:1004A800DC0C18BF033202EBDC02C2F1200300FAB5
:1004B80003FC20FA02F001FA03FE40EA0E0021FADA
:1004C80002F11444BDE600BF70B54FF0FF0C4CF4C8
:1004D800E06C1CEA11541DBF1CEA135594EA0C0F7A
:1004E80095EA0C0F00F0DEF82C4481EA030621EAB5
:1004F8004C5123EA4C5350EA013518BF52EA0335F0
:1005080041F4801143F4801338D0A0FB02CE4FF0A1
:100518000005E1FB02E506F00042E0FB03E54FF0D1
:100528000006E1FB03569CF0000F18BF4EF0010EC9
:10053800A4F1FF04B6F5007F64F5407404D25FEAC5
:100548004E0E6D4146EB060642EAC62141EA555178
:100558004FEAC52040EA5E504FEACE2EB4F1FD0CBA
:1005680088BFBCF5E06F1ED8BEF1004F08BF5FEA38
:10057800500E50F1000041EB045170BD06F00046EA
:1005880046EA010140EA020081EA0301B4EB5C0497
:10059800C2BFD4EB0C0541EA045170BD41F480118F
:1005A8004FF0000E013C00F3AB8014F1360FDEBFB4
:1005B800002001F0004170BDC4F10004203C35DA90
:1005C8000C341BDC04F11404C4F1200500FA05F313
:1005D80020FA04F001FA05F240EA020001F00042B4
:1005E80021F0004110EBD37021FA04F642EB06012A
:1005F8005EEA430E08BF20EAD37070BDC4F10C0454
:10060800C4F1200500FA04F320FA05F001FA04F217
:1006180040EA020001F0004110EBD37041F1000103
:100628005EEA430E08BF20EAD37070BDC4F120050E
:1006380000FA05F24EEA020E20FA04F301FA05F276
:1006480043EA020321FA04F001F0004121FA04F21E
:1006580020EA020000EBD3705EEA430E08BF20EAEE
:10066800D37070BD94F0000F0FD101F00046400028
:1006780041EB010111F4801F08BF013CF7D041EAAA
:10068800060195F0000F18BF704703F000465200AE
:1006980043EB030313F4801F08BF013DF7D043EA7F
:1006A8000603704794EA0C0F0CEA135518BF95EA35
:1006B8000C0F0CD050EA410618BF52EA4306D1D1BC
:1006C80081EA030101F000414FF0000070BD50EADB
:1006D800410606BF1046194652EA430619D094EA65
:1006E8000C0F02D150EA013613D195EA0C0F05D14F
:1006F80052EA03361CBF104619460AD181EA0301A3
:1007080001F0004141F0FE4141F470014FF000005A
:1007180070BD41F0FE4141F4780170BD70B54FF0F5
:10072800FF0C4CF4E06C1CEA11541DBF1CEA135575
:1007380094EA0C0F95EA0C0F00F0A7F8A4EB050457
:1007480081EA030E52EA03354FEA013100F088804E
:100758004FEA03334FF0805545EA131343EA126317
:100768004FEA022245EA111545EA10654FEA0026CC
:100778000EF000419D4208BF964244F1FD0404F585
:10078800407402D25B084FEA3202B61A65EB0305E1
:100798005B084FEA32024FF480104FF4002CB6EB9E
:1007A800020E75EB030E22BFB61A754640EA0C001E
:1007B8005B084FEA3202B6EB020E75EB030E22BF5E
:1007C800B61A754640EA5C005B084FEA3202B6EB9F
:1007D800020E75EB030E22BFB61A754640EA9C005E
:1007E8005B084FEA3202B6EB020E75EB030E22BF2E
:1007F800B61A754640EADC0055EA060E18D04FEAEC
:10080800051545EA16754FEA06164FEAC30343EA8B
:1008180052734FEAC2025FEA1C1CC0D111F4801F58
:100828000BD141EA00014FF000004FF0004CB6E751
:1008380011F4801F04BF01430020B4F1FD0C88BFF0
:10084800BCF5E06F3FF6AFAEB5EB030C04BFB6EBFB
:10085800020C5FEA500C50F1000041EB045170BDEE
:100868000EF0004E4EEA113114EB5C04C2BFD4EB1B
:100878000C0541EA045170BD41F480114FF0000E9F
:10088800013C90E645EA060E8DE60CEA135594EA1B
:100898000C0F08BF95EA0C0F3FF43BAF94EA0C0F1E
:1008A8000AD150EA01347FF434AF95EA0C0F7FF493
:1008B80025AF104619462CE795EA0C0F06D152EAE7
:1008C80003353FF4FDAE1046194622E750EA4106CB
:1008D80018BF52EA43067FF4C5AE50EA41047FF4DC
:1008E8000DAF52EA43057FF4EBAE12E74FEA41023F
:1008F80012F5001215D211D56FF47873B3EB62526A
:1009080012D94FEAC12343F0004343EA505311F090
:10091800004F23FA02F018BF404270474FF0000022
:10092800704750EA013005D111F0004008BF6FF060
:10093800004070474FF00000704700BF4A0011D2D6
:1009480012F5001211D20DD56FF47873B3EB625221
:100958000ED44FEAC12343F0004343EA505323FA2D
:1009680002F070474FF00000704750EA013002D1A2
:100978004FF0FF3070474FF0000070470000000054
:100988002DE9F04F8BB004460D4688470CF04EF821
:1009980064270646A847013FFCD10CF047F85049A8
:1009A800054620460CF050FCE0B14E4FDFF8388188
:1009B8003B7813B1D8F80030A3B121464B480BF06F
:1009C8005FFD4B4B4B4A1B684B480193D8F80030EE
:1009D80000934A4B12681B6839780BF051FD0BB035
:1009E800BDE8F08FA81BFFF7F5FC00224FF07C5301
:1009F800FFF76AFD0022424BFFF790FE0022414BB1
:100A080006460F46FFF760FD0022804689463046BD
:100A180039463D4BFFF758FD00223A4BFFF754FD8E
:100A280032463B46CDE9060100203849FFF776FEFD
:100A3800CDE9080149464046FFF758FF0546DDE97C
:100A48000601FFF753FF8246DDE90801FFF74EFF75
:100A580083462846FFF7CEFC02460B4640464946E9
:100A6800FFF77AFB0022274BFFF72EFDFFF73EFF2B
:100A780080465846FFF7BEFC02460B46DDE90801F2
:100A8800FFF76AFB00221E4BFFF71EFDFFF72EFF44
:100A980011A3D3E90023CDE903B039463046FFF767
:100AA80013FDFFF74BFF02905046FFF7A3FC0246E9
:100AB8000B46DDE90601FFF74FFB0022104BFFF75D
:100AC80003FDFFF713FF4346CDE900A02A46214660
:100AD8000F480BF0D5FC82E70000000080848E41AF
:100AE8000ADA0000FC1A00200000002019DA0000D1
:100AF800F00300200800002050DA00000400002065
:100B08000000594000408F4000003E400000F03F88
:100B180092DA00000449431E0F3013F8012F8A5C53
:100B280083421A70F9D170478BDC00004FF4806360
:100B38000C22024902480BF068BB00BF0D1B0020C5
:100B48008BDD000010B5174B174C1B78174A88B07F
:100B580073B96FF088011360216000B3144B154816
:100B68001A68154B196808B0BDE810400BF088BC2E
:100B78000023136006924FF4886205920F4A1048CA
:100B880004924FF4806203920E4A0093CDE9013239
:100B98000D490C230D4A00680CF076FA206008B065
:100BA80010BD00BFFC1A002000000020F003002048
:100BB80004000020C4DA0000080000200D1B0020FB
:100BC800F40300204D1F0020000150054D23002094
:100BD8002DE9F04306460C463E4B3F4AA3B0CDE90B
:100BE80002233E4B06AD0493A3F16463A3F5E333FC
:100BF800A3F5DF7305933A4B03F120072A461868DB
:100C08005968083303C2BB421546F7D1354B0E94D9
:100C18001A6812AC0F925A689B681092119302AD31
:100C28000FCD0FC40FCD0FC40FCD0FC495E80F0023
:100C380084E80F000A244FF00C080D270E254FF00A
:100C48000F0912A8082304220021CDF800800BF018
:100C5800E9F809230522012100970BF0E3F80A239C
:100C68000622022100950BF0DDF80B230722032151
:100C7800CDF800900BF0D6F80A2305220021CDF814
:100C880000900BF0CFF80B2306220121CDF800804D
:100C98000BF0C8F808230722022100970BF0C2F8CE
:100CA80009230422032100950BF0BCF8013CC2D1B2
:100CB8000346304602A906F1400453F8042B51F8C4
:100CC800045B2A4440F8042BA042F6D123B0BDE8C7
:100CD800F08300BF6E64203365787061322D6279CD
:100CE800592300204D2300202DE9F04FADB00021FD
:100CF8000CA804AD0CACFFF76BFF0FCC0FC594E844
:100D08000F0085E80F0001211CA8FFF761FF0024F0
:100D1800402302216E4FDFF8BC8104AD002204EBB2
:100D2800070E0DF1700C04EB08061EF8010B1CF8F9
:100D3800019B013280EA09009A4206F8010BF4D1BE
:100D48001C44B4F5806F0AD21CA84E1CFFF740FF64
:100D5800C4F58063402B28BF40233146DEE76C464C
:100D680095E80F004FF0000984E80F00019A20F081
:100D78007C431C93930143EA9063029923F07C43DC
:100D880023F0FC031D930B0343EA125323F07C4327
:100D9800039A23F47C531E93930443EA9133C2F3DA
:100DA800132223F07C4323F47C2320920021142275
:100DB80021A81F930CF024FADDE90847DDE90A654C
:100DC80008EB09011CA809F110090BF063F8B9F543
:100DD800806FF5D100234FF48062CDE90033002302
:100DE80069461CA8CDE902230BF054F8229B239AEC
:100DF80023F07C4B02EB9369249B259A03EB9968BB
:100E080002EB9862219B4FEA926E0EEB8E0E9E4487
:100E18002EF07C430BEB9E6B05330BEB936C29F0A8
:100E28007C4000EB9C6028F07C4101EB906122F053
:100E38007C4A42F07C4202EB91628EEA03032CF07A
:100E48007C4C03EAE2738CEA0B0C83EA0E030CEA8F
:100E5800E27C88EA010E8BEA0C0C89EA00000EEAB3
:100E6800E27E23F07C438EEA080E00EAE2708AEA0A
:100E7800020843EA8C6380EA0900E31808EAE2788A
:100E88004FEA9C1242F1000442EA0052C0F30D31CD
:100E9800D21941F10007A01841EA8E31CEF38742FA
:100EA80047F100078AEA080A891942F1000442EA70
:100EB8000A2A7F18084A44F100011AEB050A11EBC7
:100EC8000A01136050609760D1602DB0BDE8F08FC3
:100ED8004D1F00200D1B0020FD1A00202DE9F04FAA
:100EE800774BC5B018AC03F110052246186859684D
:100EF800083303C2AB421446F7D1002010227149CF
:100F0800DFF8C4E11BAC54F8043B1507149315D162
:100F1800C3F307251EF800604D5D013075408DF85C
:100F28005050C3F307454D5D8DF851501D0EDBB28F
:100F38004D5DCB5C8DF852508DF853300DF1500C4F
:100F480025460423664615F8108C1CF8017B013BE6
:100F580087EA080705F8017BF5D10432B02AD2D117
:100F68003A225A4C8DF8102022686F46CDF811208D
:100F780062686946CDF81520A268CDE90033CDF83E
:100F880019200422CDE90233ADF81E208DF81D305A
:100F980004AA087812F8015B01336840102B01F8A5
:100FA800010BF6D16A46694618A80BF03FF80025F0
:100FB800DFF81C81C5F58069B9F1100F28BF4FF023
:100FC80010091022002108A80CF01AF94A4608EB6B
:100FD800050108A80CF0EDF86A46002308A8117866
:100FE80010F801CB013381EA0C01102B02F8011B28
:100FF800F5D16A46694618A84D440BF017F8B5F5BF
:10100800806FD7D3022300258DF84030236810A9BC
:10101800CDF8413063680CAACDF84530A36818A80C
:10102800CDF849308DF84D50ADF84E500AF0FEFF1E
:1010380028490CAB17F8012B13F8010B0135424076
:10104800102D01F8012BF5D1002501274FF00209D9
:10105800DFF884A023683246CDF84130636818A8C9
:10106800CDF84530A36810A9CDF849303B0C8DF870
:101078004D307BBAADF84E308DF840900AF0D6FF6F
:10108800C5F58063102B28BF1023B446002208EB57
:10109800050E05EB0A001EF8011B1CF801BB013206
:1010A80081EA0B01934200F8011BF4D11D44B5F508
:1010B800806F07F10107CDD345B0BDE8F08F00BFC1
:1010C800592300208BDC000081DC00004D23002028
:1010D8004D1F0020FD1A00200D1B002010B58AB0FE
:1010E80000214FF480300BF07BFE2021394A3A482A
:1010F8000AF07DFE0C21394A39480AF078FE4FF48F
:101108008061384A38480AF072FE04F00BFC374B0D
:1011180001461860002840D00023354C354823701C
:101128000BF0AEF934480BF0ABF934480BF0A8F9E2
:101138004FF4004364224FF48061314800931E232A
:101148000BF09EF92C480BF09BF92E480BF098F900
:101158002D480BF095F92D492D48FFF711FC2D4925
:101168002D48FFF70DFC0020FFF7ECFC2B492C481D
:10117800FFF706FC0120FFF7E5FC2A492A48FFF79C
:10118800FFFB23781BB1294B186804F08BFA1A4827
:101198000AB0BDE810400BF073B9182204A80CF08F
:1011A8002FF84FF41053ADF80C308023ADF80E3003
:1011B8004FF48073059303F1AA63069310221B4B27
:1011C800054903A804F0B0FA194B18600028A3D108
:1011D8000123A2E701EEFFC05923002002EEFFC061
:1011E8004D23002003EEFFC04D1F00200800002003
:1011F800FC1A0020E7DA0000EADA00003ADB000017
:101208006EDB0000B1DB000001DC00000FC2000053
:1012180051DC000031C0000060DC000097BE000017
:101228000ADA0000350B00006FDC0000F403002030
:1012380004000020014B1B68184700BF0C00002069
:10124800014B1860704700BF0C00002030B585B016
:1012580004460D461022002168460BF0D1FF0223F8
:101268008DF80230044B2A462146684601930AF05D
:101278004DFB05B030BD00BF3D12000080B50546EE
:101288000E461746984603F02DFB03460CF048F827
:101298000446DFF81890424649F80030394630468F
:1012A800A84754F8090000F00FFC00BF0800000030
:1012B8002DE9F047058B04462807904611D40229EA
:1012C80005F0070540F0CC8020460BF0E6F878B131
:1012D8000138218B042811D8DFE800F0C2106D8591
:1012E800950001290CBF45F0100545F02005258320
:1012F80088F31188BFF36F8FBDE8F08701F0070A04
:10130800AA4500F0A5800027B9463E46A368002BF1
:1013180000F0BC8041F00801218388F31188BFF3F5
:101328006F8FA168002900F0BA800D68002900F0CD
:10133800B680334652462046D1F80480C047002D77
:1013480076D02B6829461D46F0E701F007035A1F9F
:10135800012A1BD8002221F00701062B276889B231
:10136800C4E9002209D13B4603E0628B0132628363
:101378001B68002BF9D141F00201204621830BF0B4
:101388008CF800287AD041F0200176E0042B0AD1AD
:1013980021F0070189B2204621830BF07EF810B1B5
:1013A80041F020012183218B01F0070AAA454FD083
:1013B8000027B946AAE7236921F0070141F0060191
:1013C800062DD3F8009021832DD1B9F1000F3FD01D
:1013D80041F00801218388F31188BFF36F8F2046FD
:1013E8003949C84729E021F00701236941F0040180
:1013F80089B2042DD3F804902183E6D000274FF05A
:10140800040A3E4682E721F00701236941F00501FD
:1014180089B2052DD3F808902183D6D000274FF044
:10142800050A3E4672E700274FF0060A3E466DE77A
:101438002B4687E7B9F1000FD1D1EFF311882023AC
:1014480083F31288BFF36F8F238B23F00803238362
:10145800258BEA062ED525F01003238305F0070512
:101468006669218B002EBFF670AF00232768C4E998
:10147800003321F0070141F001012183218B4FF056
:10148800000901F0070AAA457FF440AF002F9CD05D
:1014980041F00801218388F31188BFF36F8F002F73
:1014A800C8D03D6839463346524620460BF021F8ED
:1014B8002F46F4E7AB067FF51BAF25F02003238307
:1014C80005F0070500E700BF27C50000014B0360D2
:1014D80000207047A8D6000008B504480AF0D0FFDD
:1014E800BDE8084002480AF0CBBF00BF97DD000006
:1014F800CCDD0000014806F0DFBB00BFA8D6000025
:1015080038B5044618B90F4B0F485B6898476168AF
:10151800B1F5683F10D0B1F5680F0DD00B4DA94259
:101528000AD011F46861206807D0014608480BF01A
:1015380096FB00232360656038BD14220BF060FE23
:10154800F9E700BF2C010020FADD00002C5F5CA940
:10155800F808002008B560B34368B3F5683F0ED0BB
:10156800B3F5680F18D0144A934220D000684FF0A2
:10157800FF324FF0FF3302F0E9FD58B115E00122C8
:101588000368D3E8EF1F002903D1C3E8E02F002840
:10159800F7D10AD1002008BD0368084A1B7803F573
:1015A800807352F82330002BF4D00548F3E7054840
:1015B800F1E76FF4E040EEE72C5F5CA90000035010
:1015C800E98FFFFFEA8FFFFF08B520B34368B3F543
:1015D800683F09D0B3F5680F13D0114A93421DD064
:1015E800006802F02BFE14E000220368D3E8EF1F26
:1015F800012903D1C3E8E02F0028F7D109D0094811
:1016080008BD00210368084A1B7803F5807342F877
:1016180023100020F4E76FF4E040F1E70348EFE718
:101628002C5F5CA9E98FFFFF00000350EA8FFFFFE2
:1016380010B5044618B91D4B1D485B689847636888
:10164800B3F5683F2FD0B3F5680F2CD0194A9342F1
:1016580019D1236803BB4FF0FF324FF0FF33214607
:10166800154802F045FD08B923681BB90F4B13480C
:101678005B6898471422002120680BF0C1FD4FF4E5
:101688006863636008E0B3F5683F0DD83A2B03D070
:1016980040F6BA629342DED120680BF02AFB6368F9
:1016A80043F03A03636010BD054AF3E72C010020BC
:1016B800FADD00002C5F5CA9F808002020DE00009D
:1016C8003A00003A08B506494023142205480BF0B1
:1016D800B8FABDE808400449044806F0B1BB00BFA9
:1016E800F8030020F8080020B0D60000C4D6000097
:1016F80030BFFFF7FDBF00BF2DE9F04105460B4E97
:10170800DFF82C80324606EB0807CC1B2046094937
:101718000BF04FFDA01942460021083C0BF070FD6C
:101728002C6707F10800BDE8F08100BF0000000049
:101738000400000094D60000074A936893F90E103D
:10174800002907DB526993421FBF044A536843F0DC
:1017580080535360704700BF5C0A002000ED00E032
:10176800154B9A6A12F0007F9A6A14BF1E201D203A
:1017780012F0807F9A6A18BF1F2012F4801F9A6A9D
:1017880018BF022012F4002F9A6A18BF212012F401
:10179800802F9A6A18BF222012F4003F9A6A18BF55
:1017A800232012F4803F9A6A18BF24206FEA02426D
:1017B8006FEA12429A62704700ED00E010B5194BCB
:1017C8000246986A9C6A10F4805F14BF172016209E
:1017D80014F4006F9C6A18BF1820A40509D5986BEB
:1017E800986A000404D51AB19A6A22F400429A62EF
:1017F80019200C4B9A6A12F4806F9A6A18BF1A2043
:10180800D2050CD49B6A13F4005F18BF1C20054A4C
:10181800936A43F47F43936200230B7010BD1B202F
:10182800F5E700BF00ED00E010B51C4B0246986AD2
:101838009C6A10F0100F14BF1120102014F0080F2C
:101848009C6A18BF1220A40709D5586B986A00062D
:1018580004D51AB19A6A22F080029A6213200F4BBB
:101868009A6A12F0010F9A6A18BF142012F0200F1A
:101878009A6A18BF1520D40658BF9B6A074B9A6A04
:10188800920642BF5A6A22F400525A629A6A42F099
:10189800FF029A6200230B7010BD00BF00ED00E04C
:1018A800F0B5474B04465B6800258BB0C3F30803CB
:1018B80085F31188BFF36F8F02F07F40B0F17F4F3F
:1018C80011D102F00C0008280DD010074CBF0C46AF
:1018D80001250022033B8DF80720032B05D8DFE8FC
:1018E80003F02462665F2C46F3E700239DF8072087
:1018F800CAB902AE04F1200732462068616808348C
:1019080003C2BC421646F7D1099A002D53D0C2F340
:10191800080121B96FEA52226FEA42220992184659
:1019280002A90AF093FE0BB0F0BD254BDA6A9107C5
:10193800DBD4DA6A002AD8DBDA6A5200D5D55A69CC
:10194800A16942F480725A61BFF34F8FBFF36F8F62
:101958005A6931F8021C22F480725A61BFF34F8F22
:10196800BFF36F8F4DF60272914209D09A6AD2B2D4
:1019780042B101200DF10701FFF756FF0346B5E715
:101988002368B3E79A6A12F47F4F05D001200DF15E
:101998000701FFF713FFF1E79B6AB3F5803FA4D374
:1019A800FFF7DEFEEAE700200DF10701E4E700207B
:1019B8000DF10701EDE722F4FF7222F00102ADE715
:1019C80000ED00E0064B5A6942F010025A615A696C
:1019D80042F480625A615A6922F008025A617047DB
:1019E80000ED00E0EFF30880EFF3098101B57246DE
:1019F800FFF756FF01BD00BF002080F31488BFF336
:101A08006F8F002080F30A8880F30B880F4880F3DB
:101A1800088801F0B5FB00200D490860BFF34F8F1F
:101A280000F02CF8202080F311880A484FF4006158
:101A3800401880F30988EFF314800221084380F3EB
:101A48001488BFF36F8F00F0CDF80000C08C002021
:101A580094ED00E080430020002318460649D1F8A1
:101A68009020C2F30722934200DB7047C1F89830F8
:101A7800C1F8A0000133F6E700ED00E010B572B63A
:101A8800002484F31388FFF7E7FF23464FF0FF3065
:101A98000C4A03F120010133102B42F82100F8D140
:101AA80000234FF0FF30074A03F160010133102B88
:101AB80042F82100F8D162B6BFF34F8FBFF36F8FA2
:101AC80010BD00BF00E100E0084B9B6883420BD1CA
:101AD800EFF3058343B1064B5A6842F080525A60CF
:101AE8005A6A22F400425A6202F002BF5C0A0020DD
:101AF80000ED00E016498A684FF030001044EFF31B
:101B0800098C80E8F01F202080F31288BFF36F8FC4
:101B1800104F4FF000664A698A603E604FF07004CB
:101B2800141920680C4C2060506F0023536780F311
:101B3800118802F1300090E8F01F8CF3098802F157
:101B4800000004B50AF097FDBDE8044070470000A6
:101B58005C0A002004ED00E0140900201EF0040FC8
:101B68000CBFEFF30880EFF30980816911F8021CBC
:101B78000229FFD001B572460AF06EFD01BD00BF13
:101B880040B2002807DB01234109034A00F01F0087
:101B9800834042F82130704700E100E0054B4209DC
:101BA80053F82220012300F01F0003FA00F0104030
:101BB800704700BF00E100E040B2002801F10101D8
:101BC800ACBF00F16040064B4FEA4111C9B2ABBF50
:101BD80000F5614000F00F0080F8001319547047B9
:101BE80014ED00E00B4A08B50B4B22F07F029A6017
:101BF800BFF34F8FBFF36F8FD3F8882022F47002A2
:101C0800C3F8882002F0B2F902F082FF00F048F829
:101C180002F0ECF90000000000ED00E042F8203C82
:101C2800009B0B4942F81C3C019B21F0010142F842
:101C3800183C029B42F8081C42F8143C4FF0807391
:101C480042F8043C0023203A02654367704700BF0E
:101C58008512000000B50B4B15469860026F0A4BC1
:101C68000E461A60036E83F30B882C4686F30988A8
:101C78000020064B98472046002100220023044CF0
:101C8800204700BF5C0A00201409002087C6000016
:101C9800851200001022014B1A61704700ED00E028
:101CA800002320210348C2180133452B82F8001372
:101CB800F9D1704700E100E008B5EFF30583064A63
:101CC800103B02EBC30152F8330049688847BDE86E
:101CD8000840FFF731BD00BF20D400001FB5094CF4
:101CE800094A23460121094800F0FAF80023039322
:101CF800074B0121E41A01A80193029400F0FAF8B5
:101D080004B010BD0000072000000020D4D6000059
:101D18003002002010B50C7A0B6804F01F0223F083
:101D28001F031A43CB68640923F01F03054943EADC
:101D3800440343F00103C1F89800C1F89C20C1F89E
:101D4800A03010BD00ED00E010B5074BD3F890307F
:101D5800C3F30723013B984202D8FFF7DBFF10BD0E
:101D68006FF01500FBE700BF00ED00E02DE9F04F34
:101D78000F46144606464FF000084D4D85B0B8454D
:101D880080F29280D6F80490B9F1000F36D0B9F1FC
:101D98001F0F40F2878019F01F0F40F08380D6F89C
:101DA80000A01AF01F0F7DD150460AF0A4FC83460C
:101DB80009EB0A0001380AF09EFC834572D11BF139
:101DC800160F6FD05C456DDDC5F898B0D5F89C103E
:101DD800C5F898B0D5F8A03021F01F0143F01F0ACC
:101DE800D6E900321A44994202F1FF391ED1CA4598
:101DF80008D131465FFA8BF00AF086FC08F1010839
:101E08000C36BCE73146C5F898B0D5F89C3022F0BE
:101E18001F0203F01F031343C5F89C30E0B20AF019
:101E280073FC10F1160F3DD0441CE7E7C5F898B0D5
:101E3800D5F8A020013B23F01F0302F01F02134333
:101E4800CA453146E0B2C5F8A030E8D00AF05CFCDB
:101E580010F1160F26D0C5F898B0D5F89C209DF83B
:101E680008300AF1FF3A62F304038DF80830D5F818
:101E7800A0309DF808205B0863F347128DF808200E
:101E8800D6E900321344009323F01F035344A3EB15
:101E98000903013023F01F036946C0B20393FFF71B
:101EA80053FFBEE76FF01504204605B0BDE8F08F7C
:101EB80000ED00E00522044BC3F89420BFF34F8FD8
:101EC800BFF36F8F704700BF00ED00E0BFF35F8F77
:101ED8000022024BC3F89420704700BF00ED00E0D9
:101EE80010B5034C2278FFF741FF207010BD00BFEA
:101EF800792300202DE9F74F294D8A4606464FF0F1
:101F08000008AB46274FD0451BDAD6F80490B9F144
:101F1800000F3FD03168084601910AF0ECFB0199A7
:101F2800044609EB010001380AF0E5FB84424FF052
:101F380014021D4B08D002FB08F36FF015024BF892
:101F4800032003B0BDE8F08F14F1160F2C60F8D011
:101F58001978A142F5DD02FB08B0C7F89840C7F828
:101F68009840D7F89C4000F10801007B64F3040016
:101F78000871D7F8A0000C79400860F347140C7179
:101F8800D7F89C1021F01F016960D7F8A01021F044
:101F98001F01296108F1010814350C36B3E700BFA9
:101FA8001809002000ED00E079230020F0B5414930
:101FB800414CD1F890302568C3F307239D4287B080
:101FC80075D80020FFF782FF3C4BC1F8C03085422E
:101FD80016D13B4C01A82570FFF778FA0025064674
:101FE800384FAE4213D1002023783249D1F89020DF
:101FF800C2F30722934254DBFFF75CFF00202FE077
:10200800616801EB0011FFF785FE0130DFE70199F8
:10201800280101EB0513DA683A40B2F5001F21D018
:10202800B2F5800F2BD0B2F5801F38D15A689B6863
:102038000958013B22F01F0003440120844623F085
:102048001F0340EA4C10CDE902218DF8100002A9C7
:1020580020780593FFF778FE00281DDA6FF0150049
:1020680007B0F0BD5A689B680958013B22F01F0071
:1020780003444FF0020C012023F01F03E1E75A68E4
:102088009B680958013B22F01F0003444FF0000CE5
:10209800062023F01F03D4E723780133237001358A
:1020A8009FE7C1F89830C1F8A00001339EE74FF0D0
:1020B800FF30D5E700ED00E0E0D60000AAFF4400BD
:1020C800792300200000F0FF08B5024809F0FEFB64
:1020D800FEE700BF5CDE000008B5024B1B689847AE
:1020E800002008BD2C090020034B044A186093788F
:1020F80043F00203937070472C0900204800002029
:1021080008B50649064821F00701C1F1005202F559
:10211800E0220AF05BF9002008BD00BFC70C0120CF
:102128003009002000F01F0240090DD001280DD110
:10213800094B03EB8203D3F8002222F0E04242EA83
:102148000171C3F800127047044BF2E70023803294
:1021580053F82230FFDE00BF002884500025845049
:1021680038B50124134B144DC3F80045022303214D
:10217800C5F8D0360020FFF7D5FF20460321FFF72A
:10218800D1FFC5F804472146C5F804492120C5F800
:10219800004BFFF7C7FF21462020FFF7C3FF21466A
:1021A8000B20FFF7BFFF21460A20FFF7BBFF0020E7
:1021B80038BD00BF001000500040005007B50DF1B9
:1021C800070001F001F9114B98421CD14FF48062CD
:1021D8000F4B1049C3F8B8254FF40062C3F83C25EB
:1021E8009DF807000AF04DFC0B499DF807000AF01E
:1021F80043FC01209DF80730984001F0DFF80020EB
:1022080003B05DF804FB6FF00B00F9E70000AD0BBD
:1022180000A002502CA0025028A10250052370B53E
:10222800144D154E2C780134B4FBF3F303EB830300
:10223800E41A0AF0FBFB114A137823B156F824304C
:10224800C01A072814D94FF05023D3F8141141B1FC
:102258000021C3F81411D3F814312C700CB90123E0
:1022680013702C780AF0E2FB46F82400012070BDB8
:102278000020FCE77B2300203C0900207A23002073
:1022880048B1054B054A1B68B3FBF2F35843044BAE
:1022980043F00103184770475800002040420F00E0
:1022A800A0D60000014902480AF046B90CD7000040
:1022B800500900204FF47F032DE9F041D3F8302175
:1022C8000646072A0D46D3F8343120D1023B032BAA
:1022D80002D8124AD35CD3B14FF050244FF0010812
:1022E80000270520C4F81886C4F814760AF0C2FB43
:1022F8004046C4F814860AF0BDFBC4F81476C4F846
:10230800187630462B46BDE8F041002118474FF0BB
:1023180050230022C3F81426F3E700BF61DE000053
:10232800084B70B5C31A0D4607499B10044659431C
:10233800402206480AF017FA2B4601462046BDE817
:102348007040184780090020B76DDBB6BCD3000089
:10235800402373B50B4C0093041B0B460D460A49EA
:10236800A41061430646094A09480AF028FA011EE2
:1023780005DA30462B4602B0BDE87040184702B077
:1023880070BD00BF80090020B76DDBB631C8000002
:10239800BCD3000010B5EFF31184202383F3128817
:1023A800BFF36F8F074A136823F00201DB07116040
:1023B80002D401200AF071FB84F31188BFF36F8FF8
:1023C80010BD00BF200A00202DE9F843002201219A
:1023D80006460520FFF7F0FB114801F075F8114B90
:1023E800984219D101F080F800244FF01C090C27FD
:1023F800DFF834803569414609FB04500AF09CF83F
:10240800002807DB012307FB04551C44042CAB6799
:10241800F0D10020BDE8F8836FF00400FAE700BFB0
:102428002D2500000000AD0B18D700001FB50022B5
:102438000123CDE902236B46084ACDF800D0CDF838
:1024480004D00AF0EAF9002805DB4FF480420023A3
:10245800684601F077FF05B05DF804FB67C8000027
:102468000C22104B014602FB0033002030B4D3E9A4
:102478001C521867EFF31180202484F31288BFF3ED
:102488006F8F9C6F04F0C00444F002049C6780F3D3
:102498001188BFF36F8F1DB12B4630BC0248184717
:1024A80030BC704780090020BCD3000010B4EFF3A3
:1024B8001182202383F31288BFF36F8F17480168B6
:1024C80041F002040460C80707D482F31188BFF3FF
:1024D8006F8F012010BC01F01FB84FF05021D1F8C8
:1024E8000C04D1F80C14C907EFD5EFF3118083F36E
:1024F8001288BFF36F8F0A498B6F03F0C00343F054
:1025080002038B6780F31188BFF36F8F82F3118802
:10251800BFF36F8F002010BCFFF7A2BF200A002076
:1025280080090020092813D8DFE800F005101212EE
:10253800121212120E0C074B986F10F0070007D1F9
:10254800FFF78EBF0220FBE70320F9E70120F7E73A
:10255800704700BF800900202DE9F041012207469D
:102568003649D1E8EF3FC1E8E02F0028F9D133B967
:10257800334934484B60CB608A6009F0F0FF7B1E1A
:10258800012B2BD8012F07D14FF05023D3F81C343F
:1025980003F00303022B21D00AF0B2FB0546F8B979
:1025A800294B1B78E3B14FF0502302220646C3F8AB
:1025B80008234FF05024DFF89480D4F81824D4F876
:1025C8001834D20315D503F00303022B01D0012FD1
:1025D8000FD16DB386F31188BFF36F8FBDE8F0811B
:1025E800EFF31186202383F31288BFF36F8F012541
:1025F800DFE7C5B130460AF062F8D4F81835DBB227
:10260800012BDAD1D4F80421002AD6D00022C4F84C
:102618000421D4F804210222C4F818252022C8F87D
:102628008021A360C9E7002121200AF0D9FBE4E753
:102638004FF050230222C3F80423CFE77C0900207F
:102648006C0900209C0900207E43002000E100E086
:1026580008B507480AF0A8FA38B10648FFF744FD5C
:102668000448FEF7EDFD002008BD6FF01200FBE7FF
:102678000CD40000812600000A2838B50446074D0E
:1026880004D1AB680D2128465B689847AB680348BE
:102698005B68E1B29847204638BD00BF0CD4000003
:1026A800F0B5406801F01F04057B87B044EA451483
:1026B8000569002D63D0B2F5001F00F1100506D1A1
:1026C800214628460AF069FA002007B0F0BD002725
:1026D800B2F5800F01AE0197776039D1B3F1007F71
:1026E80014BF052304238DF804300023CDE90463C7
:1026F8000393836823FA01F111F001011AD1B2F1B1
:10270800A07F17D104F01F03620903F180032AD0C8
:10271800012A3AD11E4A52F82330DB070AD40DF1B8
:10272800030632462146284601F0FCF9194B984227
:102738001BD002962146284603AA01F0AFF8164B93
:1027480098421FD101222146284601F04DFABBE7E5
:10275800B3F1C06F05D0B3F1007F14BF012302238A
:10276800C1E70323BFE70D4AD5E73146284601F004
:1027780035FA094B9842DCD06FF00B00A5E76FF0F3
:102788008500A2E76FF015009FE751F82330FFDEC0
:10279800002884500400AD0B0000AD0B00258450C8
:1027A80038B545682B69B3B11035284601F006FAEB
:1027B800044680B90146284601F0CEF9084B9842F4
:1027C8000BD122462846074901F0A6F922460521E1
:1027D8000D20FFF7F1F9002038BD6FF00400FBE78A
:1027E8000000AD0BF12700004209034670B502D086
:1027F800012A17D070BD0D4E326951680029F9D0F1
:10280800012503F01F030C689D400029F2D08A6857
:102818002A4002D030464B6898472CB1236821469D
:102828001C46F2E7024EE7E72346F8E7E4D3000048
:10283800D0D300002DE9F04340F206354668D006B3
:1028480048BF0320337B02EA050558BFC2F3401096
:1028580087B001F01F07B5F5837F144647EA431791
:102868008DF8030044D00FD8062D18D007D8B5B17D
:10287800022D3FD06FF0150007B0BDE8F083B5F525
:10288800807FF7D101250AE040F20222954233D039
:10289800B5F5407F32D0B5F5007FEBD10225012395
:1028A800220303FA01F12BD573689960326972BB70
:1028B80007F01F037F0928D0012F75D13C4A02EB8E
:1028C800830284F48033D2F80012C3F30043C4F3C4
:1028D800404444EA430421F4706144EA800421F04E
:1028E8000F0144EA05230B43C2F800320020C3E776
:1028F8000725D4E70425D2E70525D0E70325CEE749
:10290800630344BF7368D960D0E72A4AD7E7103613
:10291800394630460DF1020201F004F914F4403F43
:1029280080460CD1394630460AF035F9224B984595
:10293800DCD130469DF8021001F04AF9D6E74FF095
:10294800000901AB3946304603AACDE90439CDE97F
:102958000199CDF80C9000F0A1FF174B984289D14E
:1029680014F4003315D09DF8033084F48034C4F394
:1029780000448DF80E3039464B46304603AA8DF890
:102988000C508DF80D4001F045F80B4B9842CDD016
:1029980070E7CDE9043339460DF10303304603AA45
:1029A800039300F07BFFF0E7803352F82330FFDE1B
:1029B80000288450002584500000AD0B036803F004
:1029C8001F025B09026004D0012B034818BF0020D6
:1029D80070470248704700BF002884500025845083
:1029E8002DE9F04F1546834640F2FF18DFF888912D
:1029F800DFF888A185B000EB8101594503D100209B
:102A080005B0BDE8F08FDBF80030C3F3C322082A15
:102A1800C3F3080400F2AA801B0E444508BF4FF018
:102A2800FF3419F80270222B00F2A380DFE803F0CC
:102A380012191F22252B22A1A1A1A13A67A1A1A1A8
:102A4800A1A1A1A1A1A16A7F8285A1A1A1888F923C
:102A580095989B00C5F80C45601C5DD10BF1040BE3
:102A6800CBE7C5F81445621CF8D000265DE0C5F830
:102A78000845F1E7C5F81045F5E7631CC5F80845B2
:102A8800ECD0002604E0661CC5F80C45E6D001260B
:102A980003A80394FFF792FF0122039B02FA03F3B2
:102AA800C36008E0C5F80845002FDCD1631CD5D009
:102AB800002606273246DBF80030039403F4004072
:102AC800002818BF002203A818BF0126019300920E
:102AD800FFF774FF039C019B00EB8400D0F80042D1
:102AE800C3F3412C009A3B0243EA8C03134304EAE4
:102AF8000A04234343EA4603C0F80032AEE7C5F8A8
:102B08000C45D1E7C5F86045601CDBF80030A5D05E
:102B1800C3F30043002BBAD0012603A80394FFF7A0
:102B28004DFF039B06FA03F383603246C3E7C5F8FB
:102B38006445E9E7C5F86845E6E7C5F86C45E3E7A5
:102B4800C5F82445621C89D001260022B3E7C5F8E0
:102B5800284581E7C5F83045F4E7C5F83445F1E77D
:102B6800C5F83845EEE7C5F83C4575E76FF0150040
:102B780046E76FF0850043E798DE0000F0F0FCFFC1
:102B88002DE9F04104460D4647680AF0B9F84FF0C0
:102B9800200888B9264B1B7873B16426606809F051
:102BA80008FFF0B9012009F065FF013EF6D10021C8
:102BB80021200AF015F9F0E7EFF31186314688F382
:102BC8001288BFF36F8F606809F0F3FEA8B986F327
:102BD8001188BFF36F8FEFE786F31188BFF36F8F0C
:102BE800E5E7EFF31186314688F31288BFF36F8F5C
:102BF800606809F0DEFE0028EED0FB6900201D7039
:102C08006368FA691B68C3F844250122C3F848259C
:102C1800C3F82001D3F82041C3F85801D3F858016C
:102C28009A6081F31188BFF36F8FBDE8F08100BF10
:102C38007E430020F7B50546002201210820FEF753
:102C4800BBFF0820FEF79CFF6B681A691868C0F87C
:102C58002425997D5A7D0A43198B1B7D0B43134309
:102C6800C0F86C356E68D6E9004313F0010348D00C
:102C78002F6907F1080000F0A7FB304B98425AD1A2
:102C8800387A04F10C0204F5907109F0FFFE387AE5
:102C9800012707FA00F000F091FB0823C4F800357B
:102CA800F369C4F844350023C4F84835A760D4F85C
:102CB8005831002BFBD00021C4F800156B6801AA1D
:102CC800DC68204609F048FE002805DB019B2268E5
:102CD80019791868FFF784FE08216A681368C3F831
:102CE8000015117A51B9126AC3F834250122C3F8C4
:102CF8003825C3F81011D3F810111A60002003B05A
:102D0800F0BD0822C4F80025F269C4F84425C4F8C7
:102D180048350123A360D4F82031002BFBD00023D1
:102D2800C4F82031D4F820310123E3604FF48073D4
:102D3800C4F80433BBE76FF00400E0E70000AD0B14
:102D48000123834070B5DC430B4AD2E8EF1F01EA48
:102D58000405C2E8E65F002EF7D14FF480328240C6
:102D68000648C0F80823BFF35F8FBFF36F8F0B428D
:102D780014BF0120002070BD4C0A002000500150F3
:102D880070B40E4922F07F46D1E90034D01AC31836
:102D980044F10004C1E90034A6F50013B3F5400F6F
:102DA80009D2074B1B681A0A1B069C19054B42F1EE
:102DB8000005C3E9004570BC01F06ABF400200206D
:102DC800500A002048020020D9B101230D4A83404F
:102DD800D2E8EFCF4CEA030CC2E8E1CF0029F7D1E3
:102DE8004FF48033084A8340C2F80433074BD3E8D2
:102DF800AF3FC340DB0742BF4FF40012044BC3F898
:102E0800002170474C0A002000500150480A002059
:102E180000E100E00D4B1868010A0006BFF35F8F60
:102E28000B4BD3F80435181841F10001B3F5801F96
:102E38000AD2084BD3E90023904271EB030303D273
:102E480010F1807041F10001704700BF500A002066
:102E580000500150480200202DE9F04F85B0164679
:102E68001F4604469DF840A0FFF76AFF0190FFF750
:102E7800D1FFB04271EB070352D23B4B301A67EBDC
:102E88000101984271F100014DD2384B03EB041354
:102E9800D3E902239F4208BF964258D04FF48038A6
:102EA800334908FA04F8204626F07F4BC1F84883D6
:102EB80009F0B0FD4FF00309584604F15005AD0084
:102EC800ADB205F1502504F5A87305F580350293D8
:102ED800029A20F07F4341F82230C1F84483D1F8A8
:102EE8000435244AC01A033820F07F4090422ED976
:102EF800286868B1D1F80435A3EB0B0020F07F40B7
:102F0800B0F5000F039322D9204609F083FD039BF7
:102F1800BAF1000F07D109EB030009F10109D7E75E
:102F2800BAF1000F09D06FF0150520460199FFF797
:102F38004BFF284605B0BDE8F08F01230E4AA34099
:102F4800D2E8EF0F1843C2E8E10F0029F8D107498A
:102F58000E982301C8500F9B01EB04120025C2E90B
:102F680002675360E1E700BF0100800030020020E3
:102F780000500150FDFF7F00480A00207FB5002562
:102F88004FF0FF304FF0FF31194C1A4B0226C4F8AE
:102F98000833C4F84833184BC4F80855C3E902018C
:102FA8004FF480334FF40012C4F80433134B01215B
:102FB800C4F804631520C3F880212A46FEF7FCFDF7
:102FC8001520FEF7DDFD01230D4AA3602360136081
:102FD8000C4B0D4A009328460023CDE90155FFF715
:102FE8003BFF3046FFF7B8FA284604B070BD00BF73
:102FF8000050015003000F003002002000E100E003
:103008004C0A0020892D0000FFFF7F002DE9F743BF
:103018002E4BD3F8042390070BD5D3F8042142B1E3
:103028000022C3F804212A4AD3F804311368013373
:103038001360264AD2F80433D90326D5254BD3E8A2
:10304800EF1F21F00100C3E8E40F002CF7D1CB07F4
:1030580002D4D2F84031C3B100251C4CC4F8405109
:10306800D4F84031FFF7D6FEEFF31182202383F323
:103078001288BFF36F8F184BD3E90267B042B9418A
:1030880006D282F31188BFF36F8F03B0BDE8F083D7
:103098004FF0FF38D3E900104FF0FF391D60C3E946
:1030A80002894FF48033C4F84833C4F84051D4F847
:1030B800403182F31188BFF36F8F0029E5D000906B
:1030C80032463B4628468847DFE700BF005001509C
:1030D800500A0020480A00203002002030B5431C66
:1030E800124C85B005D08442A8BF0446012CB8BF55
:1030F8000124FFF78FFE0E4B0C4DD3E90013401A45
:10310800B0F5000F0FD22218AA4228BF2A46002085
:1031180052180849CDE90100009143F10003FFF777
:103128009BFE05B030BD2A46F1E700BFFFFF7F00D8
:1031380040020020892D000008B5FFF76BFE024B06
:103148001B68C01A08BD00BF400200204FF40051A0
:10315800014801F091BF00BF7E2300204FF47F0398
:10316800D3F83021D3F83431072A05D1023B032B99
:1031780002D8024AD05C704700207047B3DE0000D6
:1031880008B5FFF7EBFF58B1644BD3F8202A3AB9DA
:103198000D21C3F8201A0121C3F81C19C3F81C29F2
:1031A8000022D30003F57F03D3F80013013107D0C1
:1031B800D3F800130132D3F80433202A0B60F0D17E
:1031C800FFF7CCFF002840F0A080FFF7C7FF40B111
:1031D800534B544AC3F830254FF050230122C3F80B
:1031E80058254FF47F03D3F83021D3F83431072A18
:1031F80009D1023B032B06D84B4AD35C1BB10022F2
:103208004A4BC3F84C25FFF7A9FF50B14FF05023A4
:10321800D3F80024D10742BF0022C3F81421C3F811
:1032280018214FF47F03D3F83021D3F83431072A1B
:1032380009D14FF05023D3F80024D20744BF6FF0D0
:103248000102C3F80024FFF789FF18B16522334B48
:10325800C3F80C274FF47F03D3F83021D3F8343167
:10326800072A16D1314BD3F82034002B11DA4FF04E
:1032780050230322C3F8182501229A60D3F80421A9
:10328800002AFBD00022C3F804210122DA60C3F827
:1032980018254FF47F03D3F83021D3F83431072AA7
:1032A80023D1023B032B02D8214AD35CEBB17E2207
:1032B8001A4B1B49C3F80C27C3F83C297F231D4A26
:1032C800C2F818310023C1F8043EC1F8083E01F5E0
:1032D8004821C1F81031C2F82431C2F82C3102F566
:1032E800FF1202F58052C2F8A032134AD2F88C308D
:1032F80043F44063C2F88C30104A114B1168C3F88C
:103308004415D269C3F84C2508BD2922034BC3F8DC
:103318000C270322C3F83C2757E700BF00400050A2
:10332800009003504400EFBEAFDE000000200350C1
:10333800ABDE00000020005000ED00E00080FF0040
:103348000060005030B50468ACB1B4FA84F30122CF
:10335800C3F11F03DBB29A4024EA0202D0E8EF5F10
:10336800A54204D1C0E8EC2FBCF1000FF6D1EAD198
:1033780002480B7030BD0248FCE700BF0000AD0BEF
:103388000200AD0B10B50368CB40DB0710D4012356
:103398008B40026843EA0201D0E8EF4F944204D11F
:1033A800C0E8EC1FBCF1000FF6D1F2D1014810BD06
:1033B8000148FCE70000AD0B0400AD0B014BC3F85E
:1033C80004057047007001500146014800F044B9F7
:1033D8005C0000200328F7B506462ED84FF0502190
:1033E800364B374A33F81000925DC1F808030025C0
:1033F8000A44012142F210744FF05027314B1160FA
:1034080033F816308E4203F150231D601B688DF887
:10341800071008BF0DF10705022E32D0032E40D049
:10342800012E1CD0D7F8183403F480333DB923B1EA
:10343800012009F01FFB013CF0D103B0F0BDD7F823
:10344800182402F003022A70002BF6D09DF807001A
:103458000128F2D109F00EFB013CDDD1EDE7D7F8E8
:103468000C3403F480333DB9002BE6D0012009F079
:1034780001FB013CF3D1E0E7D7F80C2402F001028C
:10348800E1E7D7F85C3403F480333DB9002BD4D09E
:10349800012009F0EFFA013CF3D1CEE7D7F85C241C
:1034A800ECE7D7F85434DB03C7D5002DCED1012083
:1034B80009F0E0FA013CF4D1BFE700BF02DA0000EE
:1034C800B7DE0000FAD90000044B1A7922B90122AC
:1034D80018601A710248704702487047540A002061
:1034E8000000AD0B0C00AD0B08B50A4B1B6833B1DF
:1034F8000520FEF753FB10B90520FEF741FB4FF0FE
:1035080050230122C3F81825C3F81425C3F88025D1
:1035180008BD00BF540A002010B5032845D8DFE8CD
:1035280000F01802554F00224FF48073012100204B
:1035380003F1502318601C68012402F15022146022
:10354800284A1268002A47D04FF05023C3F80413C2
:103558002BE04FF05023D3F81814D3F81824C903DC
:1035680012D502F00303022B05D0012B02D0002054
:10357800FFF730FF01234FF050220221C2F818351F
:1035880008224FF48273D2E7D3F81424D207F1D576
:10359800D3F81C2402F00302013A012AE7D8114AA1
:1035A80012681AB10222C3F8042310BDD3F804210B
:1035B800002AFBD00022C3F80421D3F80431F4E731
:1035C80018224FF490734FF48071B0E720224FF423
:1035D80092734FF40071AAE71A68002AFCD01860A9
:1035E8001B68E2E7540A0020F8B54FF05023012584
:1035F8000026D3F80443174F04B9F8BDB4FA84F091
:10360800C0F11F00830003F580739BB203F15023C0
:1036180005FA00F2196892B224EA02040029EBD0F4
:103628001E601B684FF05023022AC3F808230DD1EF
:10363800D3F81814D3F8181401F00301012905D19F
:10364800C3F81825C3F804239960D5E73B68C0B2CE
:103658009847D1E7540A00200079024B03EB001089
:10366800FFF770BE64000020036803F01F025B09C7
:10367800026004D0012B034818BF0020704702489D
:10368800704700BF0028845000258450034A43092E
:10369800D35C00F01F001844C0B27047BBDE0000C6
:1036A80070B50546FFF7F2FF0C4C083034F81030BF
:1036B8000E46DA0508D5C3F3432304EBC3022846B4
:1036C80054F8333052689847A3682BB131462846DE
:1036D800E268BDE87040184770BD00BF7400002064
:1036E80008B5FFF7D3FF034B083033F81000400B41
:1036F80008BD00BF7400002008B5FFF7C7FF034BE3
:10370800083033F81000C0F3400008BD74000020F2
:1037180008B5FFF7BBFF034B083033F81000C0F3C0
:10372800401008BD74000020034611F0010010B5D8
:10373800CCB20BD1A207C4F340000DD5074A106ADA
:1037480058601062003818BF012005E004490A6A71
:103758001A600A62002AEDD010BD00BF002884500C
:103768000025845010B5FFF791FF124A083032F84F
:103778001030D9051CD5C3F3432123F4F85322F89C
:103788001030002002F10E0434F8023F13F4807F59
:1037980003D0C3F3432399420AD001303028F3D130
:1037A800002342F831300448BDE81040FFF7EABD75
:1037B80010BD00BF74000020EC000020F0B50546E5
:1037C80000200126044607468C420BD1114BD3F842
:1037D8007C2132B10022C3F87C21D3F87C3140F03F
:1037E8000040F0BDE3B29B0003F580729B0806FA27
:1037F80003F31D420BD002F1A04202F55042D2F869
:1038080000C0BCF1000F02D01760126818430134E1
:10381800DAE700BF00D00050F7B506460846FFF7C4
:1038280035FF1A4F00F1080537F815300C46DB074D
:103838002AD5304609F08BF92046FFF769FF58B1C1
:103848002046FFF74DFF0022316800B201EB8003EC
:10385800C3F81025C3F810252046FFF783FF00237F
:1038680001A827F815300194FFF7FEFE019B00EB35
:103878008300D0F80022064B134043F00203C0F83F
:103888000032044803B0F0BD0348FBE77400002091
:10389800F0F0FCFF0000AD0B0400AD0B2DE9F04388
:1038A8001646804685B00846FFF7F0FE0D4631689B
:1038B800044609B32846FFF71FFF18B12846FFF74B
:1038C80027FF10BB00230DF10F02CDE900338DF85F
:1038D8000E308DF80F3028460B460DF10E0109F019
:1038E800DEF8484A04F1080132F8113023F00203E7
:1038F80043F0010322F8113073687BB328461F7820
:103908005968FFF7F9FE10B1E9B13F4829E03D4A8F
:1039180004F1080032F8103023F02003DB04DB0C3C
:1039280022F8103079B1032FEFD87168D1F804E08C
:10393800D8F800109EF800C001EB8C01A7B9C1F8B7
:103948001075C1F810752F4A04F1080132F81130CA
:1039580023F01C0343EA870322F81130B3683BBB0A
:103968002A4805B0BDE8F083D1F810E543EA4C33A6
:103978002EF0030EC1F810E5D8F8001043F020032C
:1039880001EB8C0EDEF8101522F8103021F44F31BF
:1039980021F44071CEF810152902DEF8108501F4E3
:1039A8007C5141EA074141EA0801CEF81015CAE7FF
:1039B8002846D3E90067FFF7D5FE002ED0D0114D79
:1039C800D5E90023964203D19F4201D1002209E0A4
:1039D8000F480DF10F01FFF7B5FC0C4B9842C0D111
:1039E8009DF80F2005EBC20308345F6035F81430EA
:1039F80045F8326043EA422343F4807325F81430D3
:103A0800AEE700BF740000200400AD0B0000AD0B52
:103A1800EC0000202DE9F0430C46804685B0204696
:103A280011461D46FFF732FE064629B32046FFF72A
:103A380063FE18B92046FFF76BFE18BB334F06F13B
:103A4800080937F8193013F01C0F02D04B78012BF6
:103A580018D001238DF80F3000234A1CCDE900133C
:103A680020468B1C0DF10F0109F019F837F81930B1
:103A780043F0030327F81930002D44D02046FFF700
:103A88003BFE18B9224805B0BDE8F083002295F83E
:103A980000C0D8F800301D4F03EB8C03C3F8102585
:103AA800C3F8102506F1080237F812104FEA8C0EF9
:103AB80021F02001C904C90C27F812106E7816B33A
:103AC800D8F80000AD787044D0F81035360423F4E7
:103AD800991323F4F853C0F81035230203F47C53E8
:103AE80006F440362D05D0F810E5334305F480156B
:103AF8002B4341EA4C3143EA0E0341F02001C0F860
:103B0800103527F812100348BDE700BF74000020E5
:103B18000400AD0B0000AD0B014BC3E90212704766
:103B28007400002010B508461446FFF7F1FD50B1A7
:103B38000846FFF7ABFD054B083033F81030044852
:103B48005B0B237010BD0348FCE700BF7400002026
:103B58000000AD0B0400AD0B70B5154D064695F889
:103B680080401CBB2146602205F1100009F048FB8B
:103B7800214630682E6F8E420ED10023C0F87C316A
:103B8800D0F87C3140F30730FDF7FAFF01230948EC
:103B980085F88030AB6770BDCBB29B0003F58072AF
:103BA8007C2B04BF845083580131E4E70248F2E7D4
:103BB800740000200000AD0B0C00AD0B034B93F814
:103BC8008000003818BF0120704700BF7400002033
:103BD8000148FFF7D7BB00BFE80000200148FFF706
:103BE800B1BB00BFE800002073B503681646D3F8E0
:103BF80004230546002AA8BF4FF000420846A8BF84
:103C0800C3F804230C46FFF783FD00B30846FFF70B
:103C180073FD0146D8B92046FFF762FD04B2A4003F
:103C28000346286804F58072815029688258214427
:103C3800D1F8102542F00102C1F810252EB1012259
:103C4800296802FA03F3C1F8043302B070BD2046B4
:103C5800FFF71CFD0E4B083033F81030C3F3820316
:103C6800042B11D0052B11D001A80194FFF7FCFCFF
:103C7800019A0369D34003F00103991C204602B05E
:103C8800BDE8704008F054BF0321F7E70221F5E7CB
:103C9800740000202DE9F04F684BDFF8A481D3F8B9
:103CA8000403D8F87010C0B289B040F00040FFF7A4
:103CB80085FD051E2FDAC24600235AF87C1F06A888
:103CC800CDE90633FFF730FD4FF0000B5D4B0DF1EA
:103CD80018090193019A12F8013B0192DA081AF8BF
:103CE800022003F0070322FA03F3DA071CD409F1D0
:103CF8000409BBF1000F14D0D8F870104FF0004041
:103D0800FFF75CFDD8F87C1006A8FFF70DFD00282A
:103D1800DAD125F000450124002D76D109B0BDE89F
:103D2800F08F4FF0010BD5E7474B5B440293D9F86E
:103D380000100029DBD091FAA1F1B1FA81F1029BC0
:103D48001C7841EA44142046FFF7A0FC083038F8F4
:103D58001070C808BB080393012319F8002001F06C
:103D6800070103FA01F122EA010209F8002005A877
:103D78000594FFF779FC059A039B803250F82220BE
:103D8800C7F382065B073746C2F3014222D52046B5
:103D98003946D6B2FFF784FC05A80594FFF764FC02
:103DA800059B803350F82330C3F301439E4207D16B
:103DB8000021204608F0BCFE3146204608F0B8FE37
:103DC80005A80594FFF750FC0122059B02FA03F3AE
:103DD8000362ACE7022A0CD10321204608F0A8FEB2
:103DE80006F00503012BEBD139462046FFF758FCB6
:103DF800E6E702212046039208F09AFE032EF3D04C
:103E0800039A032ADCD1022EEDE795FAA5F3B3FA5B
:103E180083F304FA03F29B0003F1A04303F5504334
:103E2800D3F81005D3F81015C0F30520C1F30141EC
:103E380025EA0205FFF734FC6EE700BF00D000500A
:103E480074000020CBDE0000CBDE000038B5EFF3B5
:103E58001185202383F31288BFF36F8F064B9C686C
:103E680008F0B5FE85F31188BFF36F8F2046BDE8D3
:103E78003840FDF729BE00BF5C0A002038B5094B61
:103E880053F82040013053F82050A54200D838BDDF
:103E9800636823B1204608F09DFE0834F5E72368DF
:103EA8009847FAE7C4D70000012270B52A4B0320CF
:103EB80086B01A70FFF7E2FFFDF70EFB08F0A6FECA
:103EC8000420FFF7DBFF254C254D2646AE4204F1C2
:103ED800300410D300F00CFC204C224EAC4226D308
:103EE80000F01AFCFDF7FAF81F4A137B23F00103D0
:103EF800137306B070BD54F80C3C059354F8103C8D
:103F0800049354F8143C039354F8183C029354F85F
:103F18001C3C019354F8203C009354E90A2354E9CB
:103F28000C0100F035FA54F8303C5E65CDE7D4E971
:103F38000A23B3F1FF3F08BFB2F1FF3F05D052EAB1
:103F48000301206803D100F0A7FC3034C6E73146EE
:103F5800183000F027FEF8E77E43002048D600001E
:103F680048D60000E1CD0000D002002008B5034883
:103F7800034A0021121A08F045FE08BD300200204D
:103F8800804300200023012270B586B0CDE90423C8
:103F98000F220193CDE9023214234FF4A0720E4D83
:103FA8000E4E03FB00550E4906EBC016044602FBF5
:103FB80000110C4B3046009500F0EAF9737B2C7425
:103FC80023F004037373084B013403EBC423EE603E
:103FD8006B6006B070BD00BF5C0A00205002002074
:103FE800804B0020D5CC000080430020BFB50020C6
:103FF800FFF744FF2D4B03F5006282F3088883F333
:104008000A880024E0232A4D2A4E85F82230EC77CE
:104018002C766C76AC7685F820406B6A264F43F494
:10402800E0236B6285F82340FDF7CCFCFDF732FEF8
:104038004FF0FF33AB62EB62FDF7B8FFFDF74EFEC2
:1040480040F201131D4D2846AB81C5E9184400F024
:1040580095FEB56008F0A7FD0120FFF70FFF0220CD
:10406800174DFFF70BFF00F08BFB164B756105939F
:10407800012315494FF48042CDE9034328463B46C6
:10408800CDE90144009400F083F906466A7B28468E
:1040980022F004026A7308F073FE2046FFF772FFED
:1040A8003A4631462846FDF7D5FD00BF804300203B
:1040B80000ED00E05C0A0020B13E00005003002043
:1040C800D0020020CDDE0000C04C0020002038B512
:1040D800054C064DAC4200D338BD204608F097FD8C
:1040E8000028F9DB1C34F5E78A0100208A0100204A
:1040F80073B50C46EFF31181202585F31288BFF3C1
:104108006F8FC5685DB125602B68C3608369013313
:104118008361002081F31188BFF36F8F11E052EAA9
:10412800030603D16FF00B002560F3E7CDE9002308
:104138000246083000F03CFA18B9034B9B685B69EB
:10414800236002B070BD00BF5C0A00202DE9F34176
:10415800044617461E46EFF31188202383F312887E
:10416800BFF36F8FC368334A7BB180689168884218
:1041780019D057EA060318D188F31188BFF36F8F57
:104188006FF00F0002B0BDE8F081916891F90E1050
:104198000133E36093682161A36088F31188BFF35A
:1041A8006F8F0020EEE72169F2E791F90E1090F980
:1041B8000E306FF07E029942A8BF19469142B8BFEF
:1041C80011468B422DDD08F08CFD054622464146FE
:1041D800CDE90076184800F0EBF90028E1D0EFF3BC
:1041E8001186202383F31288BFF36F8FA068D0B1A4
:1041F800236821699C420AD04BB193F90E30994249
:10420800A8BF19466FF07E039942B8BF194608F057
:1042180068FD40B13146084800F044FA6FF00A00E2
:10422800B0E70025D2E7002DF4D186F31188BFF35B
:104238006F8FF3E75C0A00207F430020F8B583689E
:104248000546002B3FD0234A926893423ED1C3686B
:10425800012B03D9013BC3600020F8BDEFF31187A0
:10426800202383F31288BFF36F8F0169806808F0F9
:1042780038FD2C68A54207D10023C5E9023387F32E
:104288001188BFF36F8FE7E7002CF5D0D4E900322F
:10429800002613605A60637BC4E9006623F00203BA
:1042A8006373A66004F1180008F0CCFDAC6094F9C3
:1042B8000E3020462B61A66708F062FD3946064895
:1042C80000F0F0F9C8E76FF01500C6E74FF0FF30CF
:1042D800C3E700BF5C0A00207F43002070B5EFF3FE
:1042E8001186202383F31288BFF36F8F0468A042DE
:1042F8001AD0CCB1D4E90032002513605A60637B30
:10430800C4E9005523F002036373A56004F11800A3
:1043180008F098FD2046A56708F032FD3146BDE853
:104328007040074800F0BEB9D0E902329A4218BF7F
:104338000133836086F31188BFF36F8F70BD00BFB0
:104348007F43002013B5EFF31181202484F31288F2
:10435800BFF36F8F846844B1013C846081F3118896
:10436800BFF36F8F002002B010BD52EA030406D1DC
:1043780081F31188BFF36F8F6FF00F00F3E7CDE97A
:1043880000230246014800F013F9ECE77F430020C0
:104398002DE9F043984685B000F15803C0E916337B
:1043A800109B002603730423073222F0070543738A
:1043B8000F9B01EB05090F4683734946C0E9066662
:1043C8008660C6730446FDF797F90E9B073020F008
:1043D8000700A066C4E9187502930D9BA9EB0009B4
:1043E80001930C9B4A460093394643462046FDF705
:1043F80015FC054B66659B6803B1DB6E4846E366B2
:1044080005B0BDE8F08300BF5C0A00206FF00A0128
:10441800084A93689967084958674B6843F080537E
:104428004B60002383F31188BFF36F8F9368986FF5
:10443800704700BF5C0A002000ED00E070B590F9FD
:104448000D20437B002A39DBD90637D18269002A3F
:1044580034D11D4C63F07F032246437352F8183F52
:1044680093422CD1E169C0E900210860E06111E0C4
:104478009942F8D01B68002BF5D090F90E5093F9AB
:104488000E60B542F4D0AE42F2DD5968C0E90031A1
:1044980008605860A569954200D005B9E568A36829
:1044A8005A7BD20604D1DA897F2A01D9AA6942B196
:1044B800AB4202D0284600F0D3FA656170BDE169CD
:1044C800D9E76361FAE700BF5C0A002038B590F9C4
:1044D8000D200146002A437B04DA03F07F0343736F
:1044E80008F014FC0D4D2A4652F8184FAB68944258
:1044F80000D004B9EC688B4207D05A7BD20604D1AD
:10450800DA897F2A01D9A2692AB1A34202D02046BA
:1045180000F0A6FA23466B6138BD00BF5C0A002094
:1045280070B590F90D200146002A437B04DA03F0A8
:104538007F03437308F0EAFB1C4C4B7B224663F075
:104548007F034B7352F8183FE069934207D1C1E9E2
:1045580000200160E16111E09842F8D01B68002B4F
:10456800F5D091F90E5093F90E60B542F4D0AE42F1
:10457800F2DD5868C1E9003001605960A569A36897
:10458800954200D005B9E5688B4207D05A7BD20620
:1045980004D1DA897F2A01D9AA692AB1AB4202D0AB
:1045A800284600F05DFA2B46636170BD5C0A002066
:1045B800F8B5124B0C46DDE9067611469868104AA4
:1045C8001060EFF31182202282F31288BFF36F8FFD
:1045D8009D68284608F0ACFBB6F1FF3F08BFB7F16D
:1045E800FF3F06D03A463346064905F1180000F069
:1045F800D9FA2046BDE8F840FFF708BF5C0A00205A
:104608007C0A0020E1CD0000F8B50446EFF31186DE
:10461800202383F31288BFF36F8F437B49B2DA06F6
:1046280017D18269AAB903F07F031D4D437308F0BF
:104638006DFB2A46437B817363F07F03437352F813
:10464800183F93422AD1E869C4E900200460EC616C
:1046580016E00020A17386F31188BFF36F8FF8BDB1
:104668008342F1D01B68002BEED093F90E70B9424B
:10467800F6D08F42F4DD5968C4E900310C605C6003
:10468800AC69944200D004B9EC68AB689C4202D093
:10469800204600F0E5F901206C61DCE7E869E2E713
:1046A8005C0A002049B9EFF3058030B9054B5A6917
:1046B8009B689A4201D0FFF7A9BE81F31188BFF326
:1046C8006F8F70475C0A0020034648B9EFF30582F4
:1046D80032B9064A51699268914201D0FFF796BEF5
:1046E80083F31188BFF36F8F704700BF5C0A002007
:1046F800EFF31181202383F31288BFF36F8F054BEB
:104708009A68D37B013BD37381F31188BFF36F8F12
:10471800704700BF5C0A002070B5EFF311862023B4
:1047280083F31288BFF36F8F144DAB68DA7B0132C5
:10473800DA732A4652F8184F944200D004B9EC684C
:104748005A7BD20604D1DA897F2A01D9A2692AB113
:10475800A34202D0204600F083F923466B6186F31A
:104768001188BFF36F8FEFF31180202383F3128832
:10477800BFF36F8FBDE87040FFF7A6BF5C0A00204B
:10478800024B03F11802C3E9062270475C0A0020B5
:1047980070B5EFF31186202383F31288BFF36F8F70
:1047A8001B4CA168E0690B68814214BF1A460022BD
:1047B80049680B605960A368E1692AB9154AC3E9D9
:1047C80000210B60E3610CE093F90E0092F90E50A2
:1047D800A84218D0854216DD5168C3E900210B6054
:1047E8005360A5690B4B9D4200D005B9E568A368E5
:1047F8009D4202D0284600F033F965613046BDE895
:104808007040FFF703BE8A42D8D01268D5E700BFD0
:104818005C0A0020740A002050EA01032DE9F041E7
:1048280005460E4604D1FFF7B3FF0020BDE8F0812E
:10483800831C71F1FF3324DB08F025FB4419EFF3E7
:104848001188202383F31288BFF36F8F0F4F104B0B
:10485800B8681860FFF73AFEB8680E492A4633462A
:10486800183000F09FF9BA684046537B43F00403C0
:104878005373FFF7CBFD08F006FB201A20EAE0701F
:10488800D4E76FF00104241AD9E700BF5C0A0020BE
:104898007C0A0020E1CD000038B50446183008F045
:1048A800D1FAEFF31185202383F31288BFF36F8FBA
:1048B800637B5A0704D485F31188BFF36F8F38BD23
:1048C80023F0040320466373FFF7B8FDEFF3058375
:1048D800002BF0D12946BDE838400148FFF7E2BE79
:1048E8007F430020014B9868704700BF5C0A002096
:1048F8002DE9F8430446EFF31187202383F3128848
:10490800BFF36F8F067B16F001060DD087F3118871
:10491800BFF36F8F002383F31188BFF36F8F0423D6
:10492800184602DFBDE8F883437B1A0704D587F3EE
:104938001188BFF36F8FF5E7D90943F0080252D108
:104948004273A36813B1204608F0E8F904F118008F
:1049580008F078FAA56D04F15808A84511D04FF071
:10496800000975B1284608F0D9F905F1180008F0D2
:1049780069FA2846C5F87890FFF760FDA56DA84547
:10498800EFD11D4DAB689C4204D1EFF30586003E84
:1049980018BF0126D5F81880184A904502D0B8F1FA
:1049A800000F01D1D5F80C80434502D0404600F0F5
:1049B80057F8C5F8148056B140F20113104EB38170
:1049C80000233046C6E9183300F0D8F9AE60AB686A
:1049D8009C42ACD1EFF30583002BA8D13846BDE843
:1049E800F843FFF713BD03F07F0343F00803437355
:1049F80008F08CF9A5E700BF5C0A0020740A0020C3
:104A0800500300200122044BC01A044BC010584325
:104A1800034B1A54704700BFD0030020ABAAAAAAC0
:104A28007F430020C3897F2B12D80A4B1B6863B1D0
:104A3800094B90F90E201B689A4209DB437BDB0681
:104A480006D1064BC31A18BF012303F001007047B3
:104A58000023FAE7840A0020800A00205002002080
:104A680070B50E4B0E4C1E7C054606EB460304EB58
:104A7800C304204608F0E6F900220A4B28469A5556
:104A8800FFF7D0FF48B1084B2046BDE870401A68D0
:104A98000649013AD31700F085B870BD5C0A0020BA
:104AA800D00300207F430020840A00200D4A000024
:104AB80038B5EFF31185202383F31288BFF36F8F86
:104AC800104B114A9C681068A04206D1FFF7C8FF36
:104AD80085F31188BFF36F8F38BD00211B7C1160EF
:104AE8000A4AD35C002BF3D02046FFF79BFF00282F
:104AF800EED0637BDB0602D12046FFF711FD20468E
:104B0800E4E700BF5C0A00207C0A00207F43002005
:104B1800074808B5074A0849121A08F075F8BDE8A9
:104B280008400648064A0749121A08F06DB800BF3F
:104B3800000000202C020020F4DE0000000000200D
:104B480000000020F4DE0000024B1868984208BFFD
:104B580000207047F8000020034B1B680BB9FEF7D4
:104B6800EBBA0020704700BF880A002030B570B14A
:104B78000B4B5B6898420AD0036843B1D3E9042120
:104B8800D0E90445121941EB0501C3E90421D0E934
:104B9800003213605A600023C0E9003330BD00BF03
:104BA800F8000020B3F1FF3F08BFB2F1FF3FF8B5AE
:104BB80004461D4616465AD08160EFF3118720231C
:104BC80083F31288BFF36F8F013275F1FF3321DA57
:104BD8006FF001032B49D1E900209B1A4FF0FF32F7
:104BE80062EB00009E1B60EB0500012E70F10003D4
:104BF80001DA01260020C4E90460FFF7A5FF224E70
:104C080084467068BCF1000F0DD1C4E900600460EF
:104C180074601CE0FFF7A0FF013645F10005361867
:104C280045EBE070E7E7DCE90425D4E90431934279
:104C380071EB050E1CDAD21ADCF8043065EB0105BD
:104C4800CCE90425C4E900C31C60CCF80440FFF794
:104C58007BFF844207D10D4B1C6824B908F0D9F8B2
:104C68002146FEF73BFA87F31188BFF36F8FF8BD33
:104C78009B1A61EB05018445C4E90431C5D0DCF811
:104C880000C0BFE7E8030020F8000020880A0020E1
:104C98002DE9F047EFF31185202383F31288BFF342
:104CA8006F8FDFF8A0900026C9F800000027FFF7F3
:104CB8004BFFDFF89480D9F80030D8E900ECD91719
:104CC80050B1D0E90442A34271EB020A1ADAE41A9D
:104CD80062EB0102C0E90442002413EB0E034CEB23
:104CE8000101C8E90031C9F8004008F092F82146EE
:104CF800FEF7F4F985F31188BFF36F8FBDE8F0472D
:104D0800FFF7D6BE14EB0E024CEBE473C0E9046760
:104D1800C8E90023FFF72AFF85F31188BFF36F8FD7
:104D280083689847EFF31185202383F31288BFF334
:104D38006F8FD9F800301B1BC9F80030FFF704FF4C
:104D4800B9E700BF880A0020E803002010B5EFF398
:104D58001184202383F31288BFF36F8FFFF7FCFEC3
:104D68000346054AD2E90001181841EBE37184F3C0
:104D78001188BFF36F8F10BDE8030020014BC36695
:104D8800704700BF8C01002038B5064C064DAC4278
:104D980001D3002038BD2046D4E9011208F077F885
:104DA8001434F4E78C010020A001002001680E4AA9
:104DB8000346914215D1C169A2F11022A2F1EF1266
:104DC80091420ED18268012A0BD8C26812B10169DA
:104DD8008A4206D0586928B19B691B1A5842584123
:104DE80070470120704700BF55AA00FF70B50D4BF2
:104DF8009E68A6B13046FFF7D9FF044678B9F36834
:104E08006BB935690DB9204670BD2846FFF7CEFF4E
:104E180028B9EB68B34202D12E462D69F2E7012486
:104E2800F1E700BF8C0A00202DE9F041444B454CC6
:104E380005461B6820468846984718B10024204636
:104E4800BDE8F081A4F1140754F8144CFB68DCB1F8
:104E5800BC68CCB1002D66D0B8F1000F65D008FB56
:104E680005F6B6FBF5F5A84561D1311D5FD8B20747
:104E780011D026F0030204321C4603E06168914217
:104E880057D2A469002CF9D12F4B2E481B6898479C
:104E98000028D4D0D2E73246EEE7891A232904F154
:104EA80020051CD80123A360D4E90523AAB1936186
:104EB800A3690BB162695A610023C4E905333B69F0
:104EC800DB0703D5FFF792FF002835D132460021D2
:104ED80028462C4608F094F9D6E7FB60E8E702F18B
:104EE800200C04EB0C032039C3E90110DC602169B4
:104EF8001648196144F80C00A0F11020A0F1EF1039
:104F0800D86101B1CB6061695961A069986141B10B
:104F18008B61996901B14B6101212361C4E90121C8
:104F2800CAE7FB60F5E72C46AEE74446ACE7044623
:104F3800AAE7A0680028B0D0012006F0B9FC00BF9D
:104F480024010020A00A00202001002055AA00FF0B
:104F580070B5464B464C05461B68204698470028C6
:104F680040F08280002D43D054F8143CA4F114067C
:104F7800002B3DD0B268002A3AD09D4203D3726814
:104F880013449D4202D3012006F092FCA5F12004AF
:104F98002046FFF70BFF0028F5D155F8183C012BE8
:104FA800F1D155F8143C45F8180C3BB39A682ABB64
:104FB80055F81C2C02F120015A680A445A6055E938
:104FC80005321A6155F8145C2B6903B1DD602022A3
:104FD8000021204608F014F9286910B18368002BD5
:104FE8002ED033699B0703D5FFF700FF0028CAD1ED
:104FF800BDE870401F4B1E481B68184755F8100C39
:1050080000282AD0836843BB42686368134420336E
:10501800636003692361D4E905239AB9CBB943696D
:1050280063618269A261B3B19C61A36903B15C61E8
:10503800236903B1DC602022002108F0E1F8D0E701
:105048002C46E1E79361A369002BE8D062695A61B5
:10505800E5E7F360F7E7F460E7E7F36845F8083C4D
:1050680003B15C61F460BCE770BD00BF240100209F
:10507800A00A00202001002038B50C461C2200217F
:105088000546154808F0BCF8144B15481B689847A6
:105098001449154800F038F8232C1CD915F00303DF
:1050A8001FBF043CE418C3F10403ED182246002195
:1050B800284608F0A5F8084B0C49C3E90054203CE1
:1050C8009D606C609A6811609A68A1F11021A1F145
:1050D800EF11D161DA6038BD8C0A00202801002068
:1050E800A00A0020594F0000314E000055AA00FFC9
:1050F800014B1B68184700BF04010020014B1B68C7
:10510800184700BF00010020024B1860024B002026
:1051180019607047040100200001002010B50A46FC
:10512800044619B1024B00211B68984710BD00BF07
:1051380008010020F8B50D4E0D4C0E4D33680E4891
:10514800984767782B680C48984733680B48984706
:10515800022F08D12478E31F5C425C412B68074882
:1051680098472046F8BD0024F8E700BF2401002036
:10517800A80A0020200100201000002018000020AC
:105188000E4B0340B3F1607F06D1B1F5885F14BFC1
:105198006FF0860000207047B3F1707F0BD101F4E7
:1051A800E043B3F5005F06D111F4E06F0CBF6FF078
:1051B8008600002070476FF0860070470000C07FAF
:1051C8008A42F8B506460C4600F0DB806F4922F4A7
:1051D800FF7323F001038B420ED06D4B22F0FF01C9
:1051E800994209D06B4822F47F7323F0030383426A
:1051F80002D0694B994228D1684B24F0FF019942AB
:105208000FD114F0FF000BD0654B40F000709842AE
:1052180040F0B98082EA0400FF288CBF00200120FA
:10522800F8BD5B4B9942ECD0A3F588539942E8D07E
:1052380024F4FF7323F00103B3F1062FE1D056489D
:105248008142DED053498B42DBD004F0FE43B3F1F8
:10525800A06F14D102F0FE43B3F1A06F40F0938029
:1052680082EA040333F47E1340F08D8014F4004086
:10527800D6D0C4F30540C2F305429042CDE7B3F15E
:10528800407F6AD102F0FE43B3F1407F7BD182EACE
:10529800040535F47E1576D131462046FFF770FFB8
:1052A800002870D13F4B12F47C1703EA02031BD08D
:1052B800B3F1607FC2F305473FD13B49D3B243F016
:1052C80000738B423DD003F17E43043B112B01D880
:1052D8003649CD5C14F47C1FC4F3054333D1BD4279
:1052E80014BF002001209BE7B3F1607F0DD12E4948
:1052F800D3B243F000738B421DD003F17E43043BCD
:10530800112BDAD82A49CF5CD7E7B3F1707FE1D106
:1053180006F4E043B3F5005F03D10127C6F3022387
:105328009F4006F4E043B3F5005FD3D10125C6F3EF
:1053380002218D40CEE71027BFE7B3F1707FC9D1B6
:10534800EFE71025C6E712F47C1F01D1AB4218D055
:1053580022047FF565AFBB425FE7B3F1106F12D14E
:1053680024F01F6020F4702068B902F0FE43B3F106
:10537800106F7FF455AF0F48104040F01060A04206
:10538800AEE701204CE700204AE700BF0002000614
:1053980000130006000400060009000600030006CA
:1053A800FF0000020000C07F03000002D2DE000000
:1053B800D2DE00000000FFF6074B20F47E10984272
:1053C80006D10739072934BF00206FF086007047DF
:1053D8006FF08500704700BF0001400500F0FE43F4
:1053E800B3F1A06F3FD1214B20F0FF029A4203D1C5
:1053F80010F0FF0027D170471D4B9A4220D0A3F52B
:1054080088539A4218D020F4FF7323F00103B3F1B4
:10541800062F0DD017498A4206D0174A93421BD14E
:1054280010F0FF000FD1704710F0FF000BD170474C
:1054380010F0FF0007D1704710F0FF0003D170474C
:1054480010F0FF0011D00D4B40F00070984214BFCF
:1054580000206FF08600704710F4004F0CBF00204A
:105468006FF0860070476FF08600704700030006F3
:10547800001300060009000600040006FF000002F1
:105488002DE9F843884617461C4600F08DFB054673
:1054980088BBD8F80060B6F8009009F4E043B3F58B
:1054A800804FB36808BF27F0010737EA03031AD112
:1054B8000CB3254B24F0FF029A421FD114F0FF03CE
:1054C80004D0224A43F00073934232D02246484621
:1054D800F168FFF775FE074668B922464846316904
:1054E800FFF76EFE70BB6FF0840500233046C8F8E6
:1054F800003000F08DFB2846BDE8F883144B9A4233
:10550800DCD0A3F588539A42D8D024F4FF7323F053
:105518000103B3F1062FD1D00E498A42CED00E4AEC
:105528009342CBD004F0FE43B3F1407F04D123046F
:10553800CCD56FF08605D8E7B3F1A06FF7D0034B51
:105548009C42C2E73D46D6E700030006FF00000282
:1055580000130006000900060004000670B5114B90
:1055680005461B6810480E469847044618B16FF068
:105578008F04204670BD6B6933602B7F012B04BFFD
:1055880002232B77094B18BF30601B68064818BFE9
:105598006FF0960498470028EBD0002CE7D06FF006
:1055A8009604E6E7240100202000002020010020C6
:1055B80000232DE9F34113604768D0F814800446AE
:1055C8000E463846114607F0C9FD054688B93846E3
:1055D80007F0C6FD054660B9FFB277B9B8F1000F0C
:1055E80005D1A36823F0031323F47F4363B16FF05D
:1055F8008605284602B0BDE8F0810121606907F000
:1056080087FD0028EDD1F2E74FF6F87362889A42D9
:1056180027D8154B15481B682779984710B16FF0A4
:105628008F05E6E707B901A8314600F075FA104B77
:1056380005461B680D48984710B1002DD9D1EEE7F3
:10564800002DD6D10FCCD6F800C066460FC694E818
:10565800070086E80700002FCBD1019BCCF8143057
:10566800C7E76FF08505C4E724010020200000206B
:105678002001002010B5044660B1074B07481B689D
:105688009847204607F0E3FCBDE81040044B034868
:105698001B68184710BD00BF24010020200000200F
:1056A8002001002037B50446C0B101A900F07CFAFA
:1056B800044698B9194B1A481B689847194DF0B910
:1056C8000198037F032B11D107F033FD2B680446A3
:1056D8001348984728B10CB96FF08F04204603B0DF
:1056E80030BD002C08BF6FF08704F7E7022B12D1FA
:1056F800032303770379FF2B08BF6FF08404019815
:1057080007F017FD2B68002818BF0446044898477F
:105718000028E3D0DFE76FF09604F0E724010020CB
:1057280020000020200100202DE9F04116461F46E8
:10573800002288B0038805468846CDE904220796EA
:105748003A60002E62D0B6F1005F80F09E8023F0B0
:10575800FF03B3F5E24F02D0B3F5824F22D12846BA
:1057680007F0AAFB0446002840F08380EB686BB181
:105778006A885AB12B8803F44F41B1F5824F05D19D
:10578800DBB2222B37D02DD8122B39D0424600233A
:1057980008EB060112F8010B914243EA0003F9D124
:1057A800002B33D0284605AA04A9FFF701FF0446B9
:1057B800A0B9049B9B6A63B3049B41465A88284658
:1057C800069206AA029203F1280201929A6A0092AE
:1057D8005B6A324607F0D3FC044678B30498FFF7B7
:1057E80049FF46E0273BDBB21B2BCFD8284921FADB
:1057F80003F3DB07CAD50732B6EBD20FC6D205E0F2
:1058080040F209239A42F6D1402EBFD86FF08604A1
:105818002FE06B681B0A07D10799049807F0D7FB9C
:1058280004460028C8D0D9E732464146284607AB87
:1058380007F0A0FC04460028EED0CFE70499069BA9
:105848004A88D2B94B804FF6F873069A04989A4260
:1058580018D82B8813B102889A4210D16B8813B1DB
:1058680042889A420BD13946FFF778FE0446002851
:10587800B4D1204608B0BDE8F0819A42E3D06FF079
:105888008604ABE76FF08504A8E76FF08504F0E7BE
:105898000102000C70B51D4E1D4C33681D48984719
:1058A8002378590744BF23F00403237023789A0709
:1058B80005D500F017F9237823F002032370164D5D
:1058C80014482B689847336814489847637813B18D
:1058D800134807F06CFC0023042111486370FFF79C
:1058E8001DFC2B680D48984733680A489847237869
:1058F800DB0705D507F03DFC237823F0010323706F
:105908002B680448BDE87040184700BF24010020F8
:10591800A80A002018000020200100201000002004
:10592800AC0A00202DE9F041FFF704FC18B100246F
:105938002046BDE8F081364F36483B689847044614
:1059480020B16FF08F04FFF7A5FFF1E7324D2B78F8
:10595800D80706D407F00BFC04462B7843F0010364
:105968002B702E4E2B483368984710B1002CE8D086
:10597800E9E7002CE7D13B68264898470446002809
:10598800DFD12B78990706D400F0A4F804462B78C9
:1059980043F002032B7033681E4898470028E5D16E
:1059A800002CD0D13B681B4898470028C9D13368E0
:1059B800184895F8008098470028C2D13B681848D5
:1059C800984704460028BCD16B7843B918F0010FFA
:1059D80005D0144807F0E9FB022304466B703368CE
:1059E8000F4898470028C1D1002CACD13B68094822
:1059F80098470028A5D12B7806485A075CBF43F082
:105A080004032B7033689847002890D099E700BFAB
:105A18002401002018000020A80A002020010020EE
:105A280010000020AC0A002038B5074C074B204670
:105A38001B689847064B204693F88055054B1B6812
:105A48009847284638BD00BF1800002024010020D0
:105A5800B00A00202001002000F140421F2A38B57A
:105A680004460D460CD82C21194B01FB02331A7F32
:105A7800022A02D15A69824218D06FF08B001FE0C7
:105A8800012107F045FBE0B1114A00201346117FC0
:105A9800022902D15169A14205D00130202802F122
:105AA8002C02F4D1E9E72C2202FB00331A7F022AE8
:105AB8000AD11A6A511C07D0002001321A622B60E1
:105AC80038BD6FF08700FBE76FF09600F8E700BF7E
:105AD800B00A00200122024B002083F8802570477D
:105AE800B00A00202DE9F0410A4C002526464FF067
:105AF800010803272046C4F820802777013507F0DE
:105B0800A6FA202D04F12C04F4D1002386F8803560
:105B1800BDE8F081B00A0020F8B506460F46FFF749
:105B280083FF002835D000241D4B22461D46197FCF
:105B3800F9B13CB9022905D1196A19B919790029AD
:105B480018BF1C460132202A03F12C03EFD114B9E7
:105B58006FF08C000BE0237F022B04D1236A5A1CC0
:105B68001CBF01332362204607F071FA10B10024EC
:105B78000DE01C46237F7BB90123237736B1094BFF
:105B8800651BAD105D4305F18045356000203C6024
:105B9800F8BD6FF08800EAE76FF09600E7E700BF0E
:105BA800B00A0020A38B2EBA002370B50B60044600
:105BB8000D46FFF739FF08B3124B13481B68984787
:105BC800064618B16FF08F04204670BD204629465E
:105BD800FFF742FF10F18C0F04460C4B07D01B68EF
:105BE800094898470028EFD0002CEDD1EAE72E604D
:105BF8001B68054898476FF08704E5E76FF088044D
:105C0800E2E700BF2401002020000020200100203E
:105C180010B50B4B04461B680A48984718B16FF03B
:105C28008F04204610BD204607F083FA064B044631
:105C38001B68044898470028F3D0002CF1D1EEE700
:105C48002401002020000020200100202DE9F04739
:105C5800DDE90894B2EBC90F9DF828A02FD198462A
:105C680004F0FE43B3F1A06F29D117464C4A24F43F
:105C78007E13934205460E4646D04A4A934206D0C2
:105C8800B3F1052F4BD06FF08500BDE8F0870823EE
:105C98000C220D210E204FF00F0CDFF80C91C4F3ED
:105CA8000544042C0ED0A3420CD094420AD0A14241
:105CB80008D0844206D0644504D0102C02D06FF07E
:105CC8008600E2E74FF48E71284601F003FFB6F52F
:105CD800105F85F806A0AC60C5F80090AE80D2D100
:105CE800324B05F12004994520463DD000F07CFB5D
:105CF800AB79002B4CD0012BC5D13A464146204602
:105D0800BDE8F04700F07CBB062308220A210C20DE
:105D18004FF00E0CDFF89490C4F30544C1E7C4F3C8
:105D28000544102CAFD14FF48E7101F0D3FE42F22E
:105D380004031F4A9E4285F806A0AE80AC602A6024
:105D4800A1D105F12004204600F09EFF4A464146B5
:105D5800204600F0AFFF002897D1AB79013B18BF70
:105D6800012385F8183190E700F08AFDAB7943B13B
:105D7800012B88D13A4641462046BDE8F04700F05D
:105D88008BBD3A4641462046BDE8F04700F0A2BD2B
:105D98003A4641462046BDE8F04700F04FBB00BFF9
:105DA80000014005000240050002500500015005B1
:105DB8000005100542F2040CF0B5838804466345DB
:105DC8008BB00FD0B3F5105F07D103682748834223
:105DD80040D000F58070834234D06FF085052846A6
:105DE8000BB0F0BD1646224B02689A42F5D10D461B
:105DF8002022002102A804F1200707F001FA294611
:105E08003246384600F066FF05460028E7D12022D2
:105E1800384602A901F0FCF805460028DFD1012127
:105E2800384600F06FFF05460028D8D102A9202285
:105E380004F1C00001F02AF92021054602A801F06A
:105E480049FECCE7A36804F120000BB0BDE8F040A0
:105E580000F012BB0025A36804F12000009500F0B3
:105E680061FD054628460BB0F0BD00BF0001500596
:105E78000005100542F2040C10B4838863450ED067
:105E8800B3F5105F07D103680D4CA34213D004F596
:105E98008074A3420BD06FF0850010BC7047094B8B
:105EA80004689C42F7D110BC203001F001B910BC45
:105EB800203000F033BB10BC203000F029BD00BFFB
:105EC800000150050005100502B342F2040C10B49D
:105ED8008388634512D0B3F5105F03D06FF0850057
:105EE80010BC704703680C4CA34211D004F58074B1
:105EF800A342F3D110BC203000F020BB074B04684C
:105F08009C42EBD110BC203001F0E2B8104670473B
:105F180010BC203000F0F4BD00015005000510054C
:105F28002DE9F0418AB0DDE910C7002F7ED0054683
:105F3800002014463860002A3ED0624573D842F2E9
:105F4800040EB5F804C0F44529D0BCF5105F04D0A0
:105F58006FF085000AB0BDE8F0810E462A68354921
:105F68008A422DD09846344B9A42F1D110220190A2
:105F7800E969234602A8009201F0FAF90028E9D15C
:105F88009DF82530032B15D0012B23D0022B31D0BF
:105F9800002B3BD06FF088000AB0BDE8F08127489D
:105FA8002C688442D4D105F120000AB0BDE8F04144
:105FB80001F0A4B8049B3B6000200AB0BDE8F08162
:105FC8003246214605F1200000F0A0FD0028C1D18D
:105FD8003C60BFE7049B102105F10C02434405F126
:105FE800200000F0DFFA0028B4D1E86102A801F02F
:105FF80067F9C5E7DDE9032307994344324405F10E
:10600800200000F0CFFA0028F0D0A3E7E869039950
:106018000C30079A3144284401F058FDEB69079A7F
:106028001344EB61E2E76FF0890093E76FF08600B5
:1060380090E700BF0001500500025005000510055B
:1060480000222DE9F0471A601D46DDE908768368CD
:10605800DDF82880B3423DD842F204028388044622
:10606800934223D0B3F5105F03D06FF08500BDE8ED
:10607800F0870368194A934224D002F5807293424C
:10608800F3D100F120090B464846E16904F10C02FE
:1060980000F088FA0028EAD1E36932462B603946D5
:1060A80043464846BDE8F04700F0A2BA0C4B0268E8
:1060B8009A42DAD1434632463946BDE8F0472030A5
:1060C80001F07EB8434632463946BDE8F0472030F5
:1060D80000F06CBD6FF08900C9E700BF00015005F2
:1060E8000005100570B5002642F2040C1E601D461E
:1060F800838882B063450446019624D0B3F5105FC7
:106108001DD103681B48834228D000F58070834264
:1061180015D1E06990422AD804F120060B4604F113
:106128000C020146304600F03DFA50B9DDE906128E
:10613800E36930462B6001AB00F05AFA01E06FF0DA
:10614800850002B070BD0C4B02689A42F7D1DDE9B8
:106158000612203001F076F802B070BD01AB04F1F0
:106168002000DDE9061200F021FD02B070BD6FF0DD
:106178008900E6E700015005000510052DE9F04FFC
:1061880005460024D3B0904689464FF48E7200210C
:106198000BA81E46649F9DF894A107F031F82B8840
:1061A800CDE9074403F4E042B2F5005FCDE90944C4
:1061B800059400F09A8042F20402934200F0BC80F9
:1061C8000024BAF1010F7CD0619B0DF1180B1B1B49
:1061D80061930023CBF80030002F00F0DF80619A34
:1061E80063993B608A4200F2D680CDE901634B4651
:1061F800CDF800806A8829880BA8FFF727FD054697
:1062080000B315F1860F18D142F204020021BDF83F
:106218003030396093427FD0B3F5105F09D10B9BC2
:10622800604A934200F0978002F58072934200F032
:106238008E80284653B0BDE8F08FDDE9620101F099
:1062480049FCE1E7619A5F990BA8FFF713FE054641
:106258000028D6D1DDE95C120BA8FFF7ABFD054697
:106268000028CED1DDE95E120BA8FFF72DFE05460A
:106278000028C6D1639B6099009301970BA8DDE9BC
:106288006123FFF74DFE05460028BAD13A68629BA4
:10629800BAF1010F03EB0201639BA3EB02025ED08C
:1062A800DDE960300344009301945B460BA8FFF7D7
:1062B80019FF00286DD1DBF800303A6813443B60C1
:1062C800B7E700220DF1180BCBF80020002F65D09E
:1062D800619B3A601C44639B9C425CD84B461446C5
:1062E800CDE90086CDF808A084E7C3F30222042A8A
:1062F8007FF461AF86F0AA6383F4807333F47E136E
:1063080007D086F0AA6383F4007333F47E137FF416
:1063180058AFC6F3054454E7234B0B9A9A4288D1E9
:1063280013A800F0C1FC0BA84FF48E7101F0D2FB4A
:10633800284653B0BDE8F08F86F0052383F4801318
:1063480033F47E137FF43CAFC6F3054439E713A852
:1063580000F050F8E7E713A800F098FAE3E705AB78
:10636800029307AB009310230BA801935B46FFF73A
:1063780067FE70B9DBF800303868059A1844629BEC
:10638800386007A9184401F0A1FB3B68059A13443B
:1063980095E7054635E76FF089054AE76FF086050A
:1063A80047E700BF000150050005100510B58AB089
:1063B8000C9CDDF834C00094012409940F9CCDF89E
:1063C80004C00394109CDDF838C00494119CCDF8E7
:1063D80008C00594129C0694139C0794149C089476
:1063E800FFF7CCFE0AB010BD10B1B82101F072BBA6
:1063F800704700BF10B1B82101F06CBB704700BFF7
:10640800C8B1C1B108B50023C02AC0F8883010D07F
:10641800B2F5807F04D0802A03D06FF0860008BDD3
:1064280002230732C0F88430D20801F04FFB002065
:1064380008BD0123F5E76FF086007047C8B1C1B108
:1064480008B50123C02AC0F8883008D0B2F5807F8B
:106458000DD0802A02D06FF0860008BD00230732D5
:10646800C0F88430D20801F031FB002008BD0223B7
:10647800F5E76FF08600704700284AD02DE9F04311
:106488000E4687B099B31F464FF6FE731546013A7C
:106498009A422CD84FF01008044600210DEB080949
:1064A800CDF8049000F12003C4F8A81002AA4146D0
:1064B8004030CDF8008001F03DFDC0B943464A4662
:1064C800204602A901F00CF888B90C2D1ED12A46E5
:1064D800C4F8B000314604F1300001F0F7FA4FF08B
:1064E80080723B1F0C2BC4F8B050E26304D96FF0E4
:1064F800860007B0BDE8F0830748184110F0010096
:10650800F5D184F8A47007B0BDE8F0836FF085007A
:10651800EFE76FF086007047EEE0FFFF034650B1EB
:1065280041EA0200B0F5803F05D20020C3F8B4105C
:10653800C3F8AC2070476FF08600704778B3F0B5A9
:106548000E4687B029B3B2F5803F154621D20446DE
:106558001021603001F0BEFA0023C4F8B43015B938
:10656800002007B0F0BD0327304604AE0093019623
:10657800294602AAC4F8A87001F0DCFC48B92B46E9
:106588003246204602A900F0ABFF28B9C4F8B4503F
:10659800E6E76FF08600E4E76FF09800E1E76FF058
:1065A80086007047D9B170B5054686B0C8B1C2B18A
:1065B800BBB11046042204AE0091C5F8A82001968C
:1065C80002AA0C4601F0B6FC58B9234632462846C2
:1065D80002A900F085FF38B9002006B070BD002080
:1065E80070476FF08600F8E76FF09800F5E700BF96
:1065F8002DE9F041002586B01D60002876D00E46B2
:10660800002973D0904605220446056485640095E8
:10661800D0F8B4101F462B46CD02C1F3475C05F4F1
:106628007F05C0F8A82045EA0C05D0F8AC2045EA5B
:10663800C165C1F35711D00201F47F410D4300F445
:106648007F00C2F34751014341EAC261C2F35712C6
:1066580002F47F420A436564E26404F1400504AA37
:1066680001921021284602AA01F064FC00283DD1BD
:10667800102320460DEB030202A900F031FF002889
:1066880037D194F8A430984536D304AB0193284603
:106698000623102504F17008C4F8A830294643469B
:1066A800009502AA01F046FC00BB2B4620460DEBE4
:1066B800050202A900F014FFC0B9D4F8883094F894
:1066C800A42053B94146304601F000FA002094F85E
:1066D800A4303B6006B0BDE8F0813146404601F089
:1066E800F3F90028F2D06FF09400F3E76FF086001A
:1066F800F0E76FF09800EDE76FF08900EAE700BF78
:106708002DE9F0410327D0F8803004460E4615469F
:106718008EB007656BBBC36F00F14008102140467F
:10672800069301F0D7F90699B1F57F4F7BD206AFF2
:10673800002940F0858000231022C4F884103846D0
:10674800CDE900232B4600F013FE78B9D4F8803049
:106758009DF835001D440328C4F8805031D0012825
:106768004AD0022832D0A0B16FF088000EB0BDE840
:10677800F08100231022CDE9002306AF2B463846CE
:10678800D4F8841000F0F4FD0028DFD00EB0BDE886
:10679800F081D4F88400079940300B9A31442044A2
:1067A80001F094F9D4F884300B9A1344C4F8843077
:1067B800384600F085FD9DF835000328CFD1D4F880
:1067C8008050E36FAB4242D00020CFE70023079808
:1067D80004AD0B993044019502AA009301F0AAFB7D
:1067E80038B92A4620460B9B02A903F0EBFA002889
:1067F800DED06FF09800B9E7002304AD10210195B1
:1068080002AA04F14000009301F094FB0028F0D1A3
:1068180010232A46204602A903F0D4FA0028E8D11A
:10682800C4F88400C4E74FF6FF6306AF3946042274
:1068380004F14200A4F8403001F052FB06217AE747
:1068480039464046022201F04BFB022173E7D4F897
:1068580084100029B8D0002304AD019502AA04F1E0
:106868004000009301F066FB0028C2D12A4620466A
:10687800D4F8843002A903F0A5FA0028A4D0B8E718
:1068880010B18C2101F026B9704700BF10B18C21DE
:1068980001F020B9704700BFC0B1B9B108B50023F5
:1068A800C02A836510D0B2F5807F04D0802A03D037
:1068B8006FF0860008BD022307324365D208103006
:1068C80001F004F9002008BD0123F5E76FF0860008
:1068D800704700BFC0B1B9B108B50123C02A8365AC
:1068E80008D0B2F5807F0DD0802A02D06FF08600E4
:1068F80008BD002307324365D208103001F0E6F8DE
:10690800002008BD0223F5E76FF08600704700BF3E
:10691800034618B10020D9675A6770476FF08600A0
:10692800704700BF2DE9F04300258BB00446CDE940
:106938000655CDE90855DDF848C0002800F09E80CE
:106948000F46002900F09A80D0B2C0F10F09164610
:106958005FFA89F9BCF1000F6ED11A1F0C2A00F2F8
:106968008D80DA0700F18A80C0F10D02D2B2062AC2
:1069780000F28480B9F1030F04D8626F4FEAC901AD
:10698800CA407BD1F21F082A78D8DAB284F8882066
:1069980003222265E26F84F8780004F14005002A9A
:1069A80071D194F84020C0F10E00023B5FFA80F8E4
:1069B8005B0848EAC303134384F84030324639463B
:1069C80004F1410001F082F84A46B9F1030F8CBF87
:1069D8000C20C9F11000042A28BF0422284404F11D
:1069E800740101F07DFA0023284604AD10210195B9
:1069F80002AA009301F09EFA00287DD12A461023AE
:106A0800204602A903F0DEF90546002874D1324673
:106A180039460DF119008DF8188001F057F8012357
:106A2800102206A904F130008DF8273001F04EF845
:106A380028460BB0BDE8F083BCF1010F1ED1097BDD
:106A4800DAB2032921D8102A18D8DFE802F047174C
:106A580017174F1717174917171717171717090079
:106A680003250D2E0AD1A94208D1B9F1030F8DD8FB
:106A7800616F4FEAC90531FA05F587D06FF08600D6
:106A88000BB0BDE8F08340228DE70729F6D8102A1D
:106A9800F4D801A555F822F0F96A0000856A0000CB
:106AA800856A0000856A0000FD6A0000856A0000AA
:106AB800856A0000856A0000ED6A0000856A0000AA
:106AC800856A0000856A0000856A0000856A000002
:106AD800856A0000856A0000F16A00001546C0E773
:106AE8000225BEE70625BCE70725BAE70125B8E772
:106AF8000425B6E70525B4E76FF0980099E700BFCD
:106B080008B1FFF7FDBD6FF08600704770B5044609
:106B180086B030B30D4610461E4602B3FBB19A420A
:106B280002D253189E421CD304AB01932946334624
:106B3800009502AA01F0FEF900BBA36DA3B10223E0
:106B48002046236504AA2B4602A903F03BF9034615
:106B5800A0B9A26D012A14D0002006B070BD002D86
:106B6800E2D06FF08600F8E703232046236504AAE5
:106B78002B4602A903F026F90028E0D06FF0980010
:106B8800EBE704AACDE90032032230462265294604
:106B980002AA01F0CFF90028F0D12B46204604AA1A
:106BA80002A903F00FF90028D6D0E7E700221A60FF
:106BB800002866D02DE9F0410D468AB000295AD048
:106BC80004461E46022390F878202365C2F10F027E
:106BD800D1B2401A403000F07DFFA36D6BB3102195
:106BE800884604F14007384600F074FF294694F8B7
:106BF800882038460DEB080500F068FF3B4638460C
:106C08004146019502AACDF8008001F093F978BBBE
:106C180043462A46204602A903F0D4F840BB394629
:106C2800204694F8882000F04FFF38BB002094F8E5
:106C3800883033600AB0BDE8F08110270DEB0708F3
:106C480020463946CDF8048006AB02AA009701F029
:106C580071F968B93B464246204602A903F0B2F8EA
:106C680030B9284694F8882006A900F02FFFDDE700
:106C78006FF09800DEE76FF08600DBE76FF09400B6
:106C8800D8E76FF08600704760B1A02210B50021E8
:106C9800044600F01DFF01234022A363E36384F848
:106CA800842010BD704700BF18B1A022002100F059
:106CB8000FBF704758B108B531B1202A04D114303C
:106CC80000F004FF002008BD6FF0860008BD6FF0DB
:106CD8008600704798B110B571B1082A07D00C2A00
:106CE8000AD10124046400F0F1FE002010BD002444
:106CF800046400F0EBFEF8E76FF0860010BD6FF05B
:106D080086007047034640B100224FF0400CC16036
:106D180010461A6183F884C070476FF08600704788
:106D28002DE9F04F99B0DDF88C80002800F05481EF
:106D38000F46002900F050811E46002B00F04C81C0
:106D4800B8F1000F00F0488100231546C8F800305C
:106D5800002A00F03A81229B9A4200F2558190F86D
:106D680084300446C3F1400222EAE272AA4228BFF4
:106D78002A4693465AB3034493F844200B78BBF150
:106D8800010F83EA0203337013D03246701E584451
:106D9800C6F1010C94F884E0A3186344734493F893
:106DA800443011F801EF83EA0E0302F8013F8242F2
:106DB800F0D194F88430B5EB0B055B4484F884304B
:106DC800D8F800305B44C8F8003000F0FE8035F099
:106DD8003F0A40F0DB80A94606AB029308AB039359
:106DE80000213C2209A8089106F00AFADDE90230E0
:106DF8000193402304AA1946009304F1440301F0C7
:106E080099F8002840F0E58040232046029A04A91A
:106E180001F0DEFD002840F0DC8009F1FF33032B90
:106E28000BEB0A0240F2DB80511C3944B318591AA3
:106E3800022940F2D48004F14501591A022940F28E
:106E4800CE80B958606C07EB020C4140B1504FEA54
:106E58009901012900F0D580DCF804E0A06C022932
:106E68008EEA0000586064D0DCF808E0E06C032982
:106E78008EEA000098605CD0DCF80CE0206D0429F4
:106E88008EEA0000D86054D0DCF810E0606D052967
:106E98008EEA000018614CD0DCF814E0A06D0629D9
:106EA8008EEA0000586144D0DCF818E0E06D07294C
:106EB8008EEA000098613CD0DCF81CE0206E0829BE
:106EC8008EEA0000D86134D0DCF820E0606E092931
:106ED8008EEA000018622CD0DCF824E0A06E0A29A3
:106EE8008EEA0000586224D0DCF828E0E06E0B2916
:106EF8008EEA000098621CD0DCF82CE0206F0C2988
:106F08008EEA0000D86214D0DCF830E0606F0D29FA
:106F18008EEA000018630CD0DCF834E0A06F0F296B
:106F28008EEA0000586304D1DCF83810E06F414065
:106F3800996319F0030F1FD029F00303194613446E
:106F4800601890F844C0F85C80EA0C00F0544B1CC0
:106F5800994511D9D018234493F844C03B5C0231B9
:106F680083EA0C038945335406D90A44631893F815
:106F78004430B95C4B40B354D8F80030A5EB0A054F
:106F88004B44C8F8003084F884501EE008AB06AAC9
:106F9800039301935146CDF800A006EB0B0307EBD2
:106FA8000B00029200F0C6FF98B9DDE902125346C1
:106FB800204601F00DFD60B9D8F8003015F03F0902
:106FC8005344C8F800307FF40BAF002019B0BDE877
:106FD800F08F0023C8F800306FF08600F6E7013A1A
:106FE8001744164404F1430202EB090012F8011F8A
:106FF80017F8013F824283EA010306F8013FF5D101
:10700800BAE704210B469AE76FF08900DEE700BF74
:10701800F0B500240546A5B017460E463C22214689
:1070280005A8049406F0ECF83C22214615A814940F
:1070380006F0E6F803942DB326B31F2F1FD9214677
:107048002846FFF75FFE044610B1204625B0F0BD84
:10705800402203AB0193284614AB04A90092FFF722
:107068005FFE04460028F0D1039B1F2B0AD920227B
:10707800304614A900F02AFD204625B0F0BD6FF077
:107088008904E2E76FF08604DFE700BF60B108B566
:1070980039B102F09BFA002814BF6FF0920000206B
:1070A80008BD6FF0860008BD6FF08600704700BF0E
:1070B800034648B14FF0000CC0E93A126046C3F8E5
:1070C800F0C0C3F8F4C070476FF08600704700BF87
:1070D80080B138B504460023A030154602F0A0FA66
:1070E80028B9D4F8F0302B44C4F8F03038BD6FF02C
:1070F800920038BD6FF08600704700BF2DE9F04759
:10710800002484B00D9D8DF80F40002854D004460B
:10711800D0F8F400D4F8EC601044B04217464BD8CD
:1071280094F8F920884699464AB3861BB6FA86F63B
:1071380094F8F8307609B3B90C9B414600933A4667
:107148004B4620460195FFF7EBFD824638B994F887
:10715800F8303BB3D4F8F4303B44C4F8F43050462C
:1071680004B0BDE8F08733463A46414604F1A00032
:1071780002F056FA0028DFD06FF0920AEFE70123F9
:107188000DF10F0104F1A00002F04AFA824600282E
:10719800E5D10123D4F8F400D4F8EC6084F8F93090
:1071A8003844C2E7334649462A6804F1A00002F091
:1071B80037FA0028CED0DFE76FF0860ACFE700BFA6
:1071C80000283CD02DE9F0410E4684B0A1B31D46FD
:1071D80093B30F2A17462FD900232B6090F8F92074
:1071E800044600F1A008EAB14FF0000CD4F8E830EA
:1071F80010220093D4F8EC304046029369460123EC
:10720800CDF804C0CDF80CC002F00AFA88B93A46A5
:107218003146404602F064FB58B910232B6004B095
:10722800BDE8F08101231146404602F0F9F9002833
:10723800DAD06FF09200F2E76FF08600EFE76FF0B8
:1072480086007047002938D0102A36D1F0B5044698
:1072580089B06FF0860024B394F8F9200F4604F142
:10726800A00502B3D4E93A3206921022002604930C
:10727800284601230DEB02010596079602F0D0F986
:10728800C0B910226946284602F02AFB90B910229C
:107298006946384600F0FEFBB0420CBF6FF0940020
:1072A800304609B0F0BD01231146284602F0B8F96E
:1072B8000028D7D06FF09200F3E76FF08600704790
:1072C800002834D0D0E9012330B4D0E9041584690A
:1072D8002A442344C0E90123C268914228D00368A4
:1072E800B3B18C1AA34234D3B2B9A34234D0B3FB9E
:1072F800F4F505FB04F40225027F446145771AB1D1
:10730800A34204BF5C1A44611B1B8461036001E053
:107318000323437730BC7047521AD51823460022FE
:1073280005604361C1604277826130BC7047704735
:10733800037F33B1036823B9032243618361427732
:10734800E8E7002330BC0122C0E905314277C36079
:1073580070470025D118E2E7017F19B9022243617D
:107368004277D1E742774361C36002608261D1E727
:107378002DE9F843DDF820809DF82490002863D09B
:107388004245164660D104460F461D46202100F0AE
:10739800A1FBD4E901236169BE420A446260A26983
:1073A80025601344266184F81C90E760A3602AD006
:1073B800C5B1A8EB07039D4235D3C7B99D4236D066
:1073C800B5FBF3F202FB03F3022263616277B9F1C2
:1073D800000F03D09D4204BFAB1B6361ED1AA3618C
:1073E800256001E0032363770020BDE8F883A7EB5D
:1073F80008022A441D4600236561C4F80C802260F7
:107408006377A361F0E7B9F1000F05D025B903232D
:107418006561A5616377E7E700230122C4E90538C0
:107428006277E360E0E7002205EB0708E3E7B9F1DC
:10743800000F03D1022265616277CFE76777656144
:10744800E5602760A761CFE76FF08600CDE700BF52
:1074580038B590F88C3004467BB1022B0BD1D0F8AC
:107468008410D0F8900001F013FC054640B300F0FA
:10747800EBFF284638BD184DF9E70268174BC3F8EB
:1074880000244268C3F804248268C3F80824C26848
:10749800C3F80C24D0F884207AB10269C3F8102408
:1074A8004269C3F81424D0F88420012A05D98269D6
:1074B800C3F81824C269C3F81C240025284638BD1F
:1074C800D4F88410D4F8900001F07CFC054600281C
:1074D800CDD10025F2E700BF0900F100005084502B
:1074E8002DE9F04F85B000293FD01646002A3CD040
:1074F8000446002800F0B881B3F5803F1F4680F0AD
:10750800AD8190F88C300D46042B00F098804FF038
:1075180000094FF0FF31C94800F0F4FA002840F0A4
:107528007681002000F01EFB002840F079810122BE
:10753800C34BC3F81028C3F81828C3F82028D4F878
:107548008820012A00F274810022C3F8BC24D4F8F0
:10755800A830062B00F2F781DFE813F003010D00D5
:1075680011000D00B40011001801DFF8D882404660
:1075780005B0BDE8F08F0122B14BC3F8842907207C
:1075880002210022AE4BC3F80009206AC3F8600943
:10759800606AC3F86409A06AC3F86809E06AC3F8B6
:1075A8006C09206EC3F87009606EC3F87409A06E88
:1075B800C3F87809E06EC3F87C09C3F8A416C3F8C9
:1075C8008826DFF87C82D8F810090028FBD14FF014
:1075D800FF3000F0C3F9D8F8040A20F4006000F086
:1075E800CBF92B7932795B0002F0010203F0020338
:1075F800134329683068C8F80C3BD4F8A83033F036
:10760800040200F0FE80062B00F0FB808C4B4FF448
:107618000060C3F8281CC3F82C7C00F0B3F980463E
:10762800A8BBD4F8A830062B00F28D81DFE813F050
:107638002B0013005A0113004C0113002B00D0F843
:107648008410D0F8900001F00DFB002800F00F81A5
:107658004FF001095DE77A4BD3F870292266D3F819
:1076680074296266D3F87829A266D3F87C39E36670
:1076780000220121724BC3F8C417C3F88426C3F84B
:10768800C827C3F8A426B9F1000F40F0B280002241
:107698006B4B0120C3F82028C3F81828C3F810281A
:1076A80000F060FA002840F0BF80644800F032FA29
:1076B80000283FF45CAF644800F0DCFA404605B0AF
:1076C800BDE8F08FD4F88830002B00F0F08003225A
:1076D8005B4BC3F80029D4F884301B0303F4405BE8
:1076E800574B4BF00802C3F8C02494F88030002BA5
:1076F80000F00D81236DDFF848A12046CAF86034F8
:10770800636DCAF86434A36DCAF86834E36DCAF8C7
:107718006C34FFF79DFE804600285ED1D4F8AC207B
:107728004BF00A03CAF8BC24226ACAF86029626AC4
:10773800CAF86429A26ACAF86829E26ACAF86C29F0
:10774800226ECAF87029626ECAF87429A26ECAF845
:107758007829E26ECAF87C29CAF8A436CAF88806DD
:107768002FE70123DFF8D8A02046CAF80039D4F85B
:1077780084301B0303F44053CAF8C034FFF768FE93
:10778800804650BB1023CAF8BC341AE70123DFF83F
:10779800B0A01022CAF80039D4F8843004F13001BE
:1077A8001B0303F4405343F00803CAF8C03404F140
:1077B800500000F08BF9236D2046CAF86034636DE1
:1077C800CAF86434A36DCAF86834E36DCAF86C3437
:1077D800FFF73EFE804600286ED0D4F8A830002B74
:1077E8003FF451AF062B7FF443AFB9F1000F3FF4DC
:1077F8004EAF04232021204684F88C3000F06AF92B
:1078080045E70F4BC3F8280DC3F82C7DFEE60F485B
:1078180000F030FA002000F0A5F900283FF487AE08
:107828000B4800F027FA82E60A4800F023FA3CE702
:10783800D4F8A830DFF82080D1E700BF1C01002071
:10784800005084500B00F10034D80000DCD7000051
:10785800F4D7000014D800000200F100DFF8EC8033
:10786800404605B0BDE8F08F4FF471087FE600F0A0
:10787800EBFDD4F8841002293FF6EAAE0294D4F85E
:10788800A0304FEAC1080193D4F89C3008F11008E1
:107898000093CDF80C80D4F89000D4E9252301F0AA
:1078A80091FB002848D1002384F88C30D0E60A22C6
:1078B800274BC3F800290EE7102204F1600104F1F8
:1078C800400000F003F95DE7214BD3F860242265FE
:1078D800D3F864246265D3F86824A265D3F86C24CD
:1078E800E265B9E61A4B04F16001D3F8702904F196
:1078F80030002266D3F874296266D3F87829A26624
:10790800D3F87C391022E36600F0E0F865E7E26B13
:1079180004F15000511C0EBF984612BA02F101083A
:1079280004F13001102200F0D1F898FA88F3E365E9
:10793800012384F88030DDE600F086FD41462046CC
:1079480000F0C8F8AFE7DFF80C8091E60500F10019
:10795800005084500100F10000207047430504D511
:107968004FF0FF32034BC3F80821024BC3F8080A53
:10797800704700BF00508450014BC3F8040A704799
:107988000050845008B100F071B84FF4750070478A
:1079980008B100F04FB84FF47500704710B51148A2
:1079A80000F09CF800B110BD0F4800F097F80028CF
:1079B800F9D10E4C204600F091F80028F3D10C4B79
:1079C8000C481C6000F08AF801460028EBD100F052
:1079D8002DF8044608B1204610BD00F0A5F8204651
:1079E800FAE700BF1C010020180100201401002044
:1079F8000C0100201001002008B5084800F078F8B4
:107A0800074800F075F8074800F072F8064800F0DB
:107A18006FF8BDE8084000F00BB800BF1C0100205B
:107A280018010020140100201001002000207047D8
:107A3800704700BF10B402460B4C01E0134207D157
:107A4800D4F8003A13F48070F8D0012042F4807220
:107A580029B1054BD3F804410C60C3F80841024B27
:107A6800C3F8082A10BC70470050845002460849E1
:107A780001E01A4207D1D1F8003A13F48070F8D027
:107A8800012042F48072024BC3F8082A704700BFF5
:107A980000508450B2B100B54FF0000E013A00F129
:107AA800FF3C013910441CF8013F11F8012F6045D3
:107AB80083EA02034EEA030EF5D1BEFA8EF04009BE
:107AC8005DF804FB0120704705F0A2BB05F07EBB02
:107AD80005F096BB0A46002105F092BB08B5034B9A
:107AE80002681B6810689847002008BD48010020FC
:107AF80008B5034B02685B6810689847002008BD0A
:107B080048010020024B02689B681068184700BFB4
:107B18004801002008B5034B0268DB6810689847E5
:107B2800002008BD4801002070B5094C094D2069A6
:107B3800AB68984718B1084B08485B68984700211C
:107B4800074AEB6811602069BDE87040184700BF1C
:107B580034010020480100202C0100204CD80000EE
:107B680034100020F8B51A4D1A4E0446B268286938
:107B78009047E8B9184F3B684CB1A3B1012B19D015
:107B8800013B3B602869F36898470020F8BD43B97A
:107B98000121124AC2F800151149D1F81029002A0A
:107BA800FBD101333B60F368286998470020F8BD92
:107BB8000C48F8BD0A4AD2F81039002BFBD1074A05
:107BC8006FF07E40C2F80035FFF7D6FE3B68D7E776
:107BD8003401002048010020341000200040845067
:107BE80000508450E98FFFFF014B1B68184700BF06
:107BF80048010020014B9B68184700BF480100203E
:107C0800014BDB68184700BF4801002010B50C4C39
:107C1800236813B10B4B1B682BB902F0F9FF30B97D
:107C28000122084B1A6001232360002010BD01388F
:107C3800072801D9044810BD044B53F8200010BD93
:107C48003C10002038100020FE8FFFFF6CD8000089
:107C5800BFF34F8F0549064BCA6802F4E06213432D
:107C6800CB60BFF34F8F00BFFDE700BF00ED00E022
:107C78000400FA0530B44FF0FE3200250B4B0C4CD3
:107C88000C494968C3F80024C3F80424C3F808243D
:107C9800C3F80C24C3F81024C3F81424C3F8182418
:107CA800C3F81C24C4F8005530BC08470050845061
:107CB800004084502C010020024BD0E90012C3E997
:107CC800001270472C010020144B2DE9F0430028C6
:107CD80014BF04461C46124F236883B0BB4219D018
:107CE80016460D4620464FF4E07104F1040900F0F1
:107CF800EDF804F58E78484602F00AFE404602F098
:107D08002DFC2B464A4640460649009602F03CFCAC
:107D180008B92760002003B0BDE8F08340100020B8
:107D2800A5BCC95A9DA9000070B50D4C1D46002878
:107D380014BF064626460B4B306882B098420DD1D8
:107D480006F58E70002633460096144602F06CFC49
:107D5800002818BF34462C6002B070BD0248FBE70B
:107D680040100020A5BCC95AE88FFFFF10B5044693
:107D780050B1636813F0685F05D0064A934202D099
:107D880000236260236010BD034B04485B6898477A
:107D9800EFE700BF2C5F5CA92C0100208CD8000005
:107DA800C8B143680D4A934213D013F0685F0ED0F0
:107DB800012350E8002F194640E8001C9CF0000FF2
:107DC800F7D1012AF5D0BFF35F8F00207047044830
:107DD8007047044870476FF4E04070472C5F5CA917
:107DE800E98FFFFFEA8FFFFF034680B14268094928
:107DF8008A420AD012F0685F05D0BFF35F8F002275
:107E080010461A60704704487047044870476FF47A
:107E1800E04070472C5F5CA9E98FFFFFEA8FFFFF06
:107E280010B5044620B10023034A2360626010BDE8
:107E38000248FFF71FFFF6E73A00003AB4D80000FF
:107E480070B5194CD0F804C00668C4F804C0D0F85E
:107E580008C0C068C4F808C0E06026600868134B12
:107E6800134D18604868D5F818215860886812F0D2
:107E7800685F9860C8680969D860196112D00023E2
:107E88000C4A05F58A70C5F81431C5F8B831C5F83B
:107E98001821C5F8BC21B047236805F5DC70BDE89A
:107EA8007040184770BD00BF480100203401002011
:107EB800401000202C5F5CA938B131B10022014488
:107EC8000346013081421A70FAD1704738B131B196
:107ED800002201440346013088421A70FAD17047E3
:107EE80088420ED812D2831899420DD93AB10A4461
:107EF800013812F8013D914200F8013FF9D1002004
:107F080070478B189842F1D2094870475308F6D049
:107F1800581E0A444B1E014413F8010F12F801CDF4
:107F28008B4283F800C01070F6D10020704700BF64
:107F3800060DF0002DE9F041002482B015461E46DA
:107F480001220DF107030746DDF824808DF807406C
:107F580002F098FED0B99DF8073004462F602B71C7
:107F6800B8F1000F0ED04EB10246089930460DF117
:107F7800070302F087FE48B99DF80730C8F800608B
:107F880088F80430204602B0BDE8F0814FF475044B
:107F9800204602B0BDE8F081D8B108B50368012BCE
:107FA80004D0022B0FD043B10B4808BD20220B4947
:107FB8000830FFF78BFD002008BD1422084908305F
:107FC800FFF784FDF7E7202206490830FFF77EFD1A
:107FD800F1E74FF4730070470100F300D8D80000B0
:107FE80018D90000F8D800002DE9F047002900F062
:107FF800EB800446002800F0EB8003688846914631
:10800800002B00F0B580013B012B00F2C9804FF036
:10801800FF3171484FF0020AFFF774FD002840F065
:10802800B1800020FFF79EFD0746002840F0B4808D
:108038006A4DD5F81069002EFBD14FF0FF30FFF7DD
:108048008DFCD5F8040A20F40060FFF795FC0123A5
:108058000722C5F81838C5F82038C5F80029C5F82A
:10806800C437C5F8A466A36CC5F8CC37E36CC5F86B
:10807800D037C5F8C0A723685BB1013B012B18D8DE
:10808800636AC5F85C36236AC5F85836E369C5F8EB
:108098005436A269514BC3F850266269C3F84C267E
:1080A8002269C3F84826E268C3F84426A268C3F8E0
:1080B8004026B9F1000F56D063684FF40060012BD9
:1080C80004BF464AC2F8843698F80430D8F800103D
:1080D800424A5B0003F00203C2F80C3BC2F8281CBA
:1080E800C2F82C9CFFF74EFC0746236863B1013B9E
:1080F800012B19D8394BD3F85C266262D3F858267D
:108108002262D3F85436E361344BD3F85026A26187
:10811800D3F84C266261D3F848262261D3F8442666
:10812800E260D3F84036A360002201212B4BD3F83C
:10813800CC07A064D3F8D007E064C3F8C417C3F829
:108148008426C3F8C827C3F81828C3F82028AFBB6B
:108158000120FFF707FD68BB1F48FFF7DBFC18BBD2
:108168003846BDE8F08704221C4BC3F8C827BCE793
:108178004FF0FF3118484FF0010AFFF7C3FC002801
:108188003FF44FAF1648FFF775FD0020FFF7EAFCF4
:10819800074600283FF44CAF1248FFF76BFD47E74E
:1081A800114F3846BDE8F0871048FFF763FD3846A1
:1081B800BDE8F0870E48FFF75DFDCDE7102104F11B
:1081C8000800FFF787FCC3E70A4F3846BDE8F08789
:1081D8004FF47307C4E700BF1C010020005084500F
:1081E800DCD70000F4D700000100F30034D8000009
:1081F80014D800000300F300A0B3034670B4D0E91C
:108208000240D3E9041226BA05BA0CBA10BAC3E977
:108218000440D3E90612986A09BAC3E9026512BA9A
:10822800996100BAD3E9084125BA0CBAC3E9072510
:10823800D3E90B12C3E9094009BAD86B12BAD9625B
:10824800D3E90D4125BAC3E90C250CBA00BAD3E924
:10825800101209BA12BAC3E90E40196400205A6410
:1082680070BC70474FF47300704700BF70B50028AA
:108278004DD0436B0446032B3CDD063B012B3BD81A
:10828800A36B012B3BD8E36D012B3DD8236E012B4B
:1082980041D8224ED6F81059002DFBD14FF0FF30AF
:1082A800FFF75CFBD6F8040A20F40060FFF764FBD4
:1082B8000123C6F80039C6F8BC54636B23F00402E6
:1082C800032A18BFA16B226B0CBF294601F00101DC
:1082D800022A17D89B0003F01C0343EA02330F4A13
:1082E8000B43C2F8C034636B072B06D10123C2F8D5
:1082F8007C3402E0002BC3DA094D284670BD094DD5
:10830800284670BD084DF8E7084D284670BD4FF463
:108318007105284670BD064DEFE700BF0050845038
:108328000100F1000200F1000600F1000300F10075
:108338000400F10000287DD038B590F83C300446A0
:10834800002B55D0022B23D03C483D4D2A683D4B8D
:108358001268C3F800242A685268C3F804242A68FB
:108368009268C3F808242A68D268C3F80C242A68DB
:108378001269C3F810242A685269C3F814242A68B9
:108388009269C3F818242A68D269C3F81C2438BD36
:10839800016B006C00F07CFC294D0028D6D12A68BE
:1083A800284B1268C3F800242A685268C3F80424CA
:1083B8002A689268C3F808242A68D268C3F80C248B
:1083C8002A681269C3F810242A685269C3F8142469
:1083D8002A689269C3F818242A68D269C3F81C2449
:1083E800216B206C00F0EEFC0028AFD1002038BDD6
:1083F8000269144BC3F800244269C3F80424826953
:10840800C3F80824C269C3F80C24026B013A012A94
:10841800ECD8026AC3F81024426AC3F81424026B29
:10842800022AE3D1826AC3F81824C26A0020C3F87A
:108438001C24DCE74FF47100704700BF0900F1000D
:108448007C01002000508450114A124B11680968C1
:10845800C3F8001411684968C3F8041411688968DE
:10846800C3F808141168C968C3F80C1411680969BD
:10847800C3F8101411684969C3F81414116889699C
:10848800C3F818141268D269C3F81C24704700BFD7
:108498007C010020005084502DE9F04F85B0002960
:1084A80058D01746002A55D00446002800F0DC8032
:1084B8009846C36D0E46002B42D1B8F5805F44D272
:1084C80094F83C30042B00F0C7804FF0000A4FF0BE
:1084D800FF31B548FFF716FB002840F0B9800020AF
:1084E800FFF740FB002840F0AF804FF00109DFF8AC
:1084F800BCB22046CBF81098CBF82098FFF7B6FE10
:10850800054620B92046FFF715FF054638B3BAF1EE
:10851800000F40F085800022A44B0120C3F81028EA
:10852800C3F82028FFF71EFB002840F089809E48EA
:10853800FFF7F0FA00287CD1284605B0BDE8F08F97
:10854800012BBDD1B8F5803FBAD3994D284605B067
:10855800BDE8F08F974D284605B0BDE8F08F636BF6
:10856800072B00F2CA8009FA03F919F08A0F40F0C4
:10857800D38019F0440F40F0C28019F0010F00F0C9
:10858800BC8033793A795B0002F0010203F0020300
:108598001343864A31683868C2F80C3B636B23F092
:1085A8000403032B0AD0236E012B0BBFC2F8280D3E
:1085B800C2F8300DC2F82C8DC2F8348DE36D4FF43B
:1085C8000060012B794B0BBFC3F8281CC3F8301C83
:1085D800C3F82C8CC3F8348CFFF7D4F9054600286F
:1085E80095D1626B072A15D80123934013F08A0F9F
:1085F80040F09F8013F0440F0CD06C4BD3F86024EC
:108608002260D3F864246260D3F86824A260D3F8A7
:108618006C34E3600123A365BAF1000F3FF47BAF2C
:108628000423202104F1100084F83C30FFF752FAAB
:1086380071E76148FFF71EFB284605B0BDE8F08FDB
:108648005E48FFF717FB72E75D48FFF713FB4CE73F
:108658005C48FFF70FFB42E7216B206C00F002FB40
:1086680028B14FF0010A32E74FF4710564E7DFF8EB
:1086780058914E4DD9F800301B68C5F80034D9F828
:1086880000305B68C5F80434D9F800309B68C5F839
:108698000834D9F80030DB68C5F80C34D9F8003054
:1086A8001B69C5F81034D9F800305B69C5F8143473
:1086B800D9F800309B69C5F81834D9F80030DB695F
:1086C800C5F81C34216B0229CBD8236D4FEAC10AA7
:1086D8000193E36C0AF1100A04F1100B0093CDF832
:1086E8000CA0CDF808B0206CD4E9112300F06AFC86
:1086F80068BB002384F83C30B3E7344D07E72368B0
:10870800CBF860346368CBF86434A368CBF868347A
:10871800E368CBF86C3434E72368CBF840346368FB
:10872800CBF84434A368CBF84834E368CBF84C342E
:1087380027E71E4BD3F840242260D3F84424626014
:10874800D3F84824A260D3F84C34E36062E7D9F840
:10875800003051461B685846C5F80034D9F8003037
:108768005B68C5F80434D9F800309B68C5F808344C
:10877800D9F80030DB68C5F80C34D9F800301B692B
:10878800C5F81034D9F800305B69C5F81434D9F845
:1087980000309B69C5F81834D9F80030DB69C5F892
:1087A8001C34FFF797F9A4E71C01002000508450FF
:1087B8000500F1000B00F10034D8000014D80000C7
:1087C800F4D70000DCD700007C0100200100F10094
:1087D8002DE9F04701B3FAB10446002854D01D46EC
:1087E800436B0E46072B1BD05DB9032B10D1836D4D
:1087F80073B945668566C5660567102500F164038B
:108808000B602B4631462046BDE8F047FFF744BED3
:108818002F463846BDE8F087644F3846BDE8F087F4
:10882800C36DA3BBB5F5805F36D20DB9A36D9BBBF5
:108838004FF0FF315E48FFF765F900284CD1002062
:10884800FFF790F9002843D14FF00108DFF8649151
:108858002046C9F81088C9F82088FFF707FD0746A1
:10886800E0B10022534B0120C3F81028C3F8202898
:10887800FFF778F940BB4E48FFF74CF90028C8D0FD
:108888004D48FFF7F7F9C4E74FF47107C1E7012B2B
:10889800CBD1B5F5803FC8D3484FBAE72046FFF79C
:1088A80049FD07460028DCD1636B072B0AD808FA74
:1088B80003F818F08A0F13D118F0440F5AD118F0A2
:1088C800010F19D13E4FCCE73E48FFF7D3F9D2E765
:1088D8003D48FFF7CFF9B7E73C48FFF7CBF9AEE7DC
:1088E8002368C9F840346368C9F84434A368C9F8F0
:1088F8004834E368C9F84C3401212E4AC2F87C1484
:10890800C2F8BC54337930688B4003F00203C2F8D4
:108918000C3BE5B9A36D0BB9C2F82415626B072AA5
:108928009FD80123934013F08A0F30D113F0440FDE
:1089380097D0204BD3F860242260D3F86424626077
:10894800D3F86824A260D3F86C34E36089E7E36D58
:10895800012B0BBFC2F8280CC2F8300CC2F82C5CF3
:10896800C2F8345C4FF40060FFF70CF80028D5D04B
:10897800074676E72368C9F860346368C9F8643441
:10898800A368C9F86834E368C9F86C34B4E7094BDC
:10899800D3F840242260D3F844246260D3F84824F2
:1089A800A260D3F84C34E3605BE700BF0B00F10032
:1089B8001C0100200050845034D800000500F1004C
:1089C8000100F10014D80000F4D70000DCD7000043
:1089D8002DE9F04F85B0002900F0EC801746002AF9
:1089E80000F0E8800446002800F00E819846836B6A
:1089F8000E46002B00F0D580012B03D1B8F5803F3F
:108A080080F0D38004F1900595E80F008DE80F0001
:108A180004F1140A04F18809504699E80C0094F806
:108A2800851000F0CBFB002840F0EA804FF0FF31C2
:108A38008148FFF767F8002840F0DE800020FFF744
:108A480091F8002840F0D4800123DFF8F0B1CBF88A
:108A58005838CBF82038A36B012B7CD8E36B012B5B
:108A680079D8DBF81039002BFBD14FF0FF30FEF737
:108A780075FFDBF8040A20F40060FEF77DFF102381
:108A8800CBF800396D4BD3F810090028FBD1226CC4
:108A9800002A00F09480012A5DD12268C3F8BC2323
:108AA8006268C3F8A823A268C3F8AC23E368DFF8B8
:108AB8008CB1CBF8B83395E80F008DE80F0050461D
:108AC80099E80C0094F8851000F09EFB002840F00F
:108AD800AF80226C40F20243012A18BF0223CBF870
:108AE800803333793A795B0003F0020302F0010224
:108AF800134331683868CBF80C3BE36B012B00F06B
:108B08008680CBF8300DCBF8348DA36B4FF4006022
:108B1800012B4A4B0BBFC3F8281CC3F8301CC3F801
:108B28002C8CC3F8348CFEF72DFFA0B9434AD2F839
:108B38001039002BFBD1236C002B6DD1D2F8BC333C
:108B48002361D2F8A8332360D2F8AC3363603B4B7F
:108B5800D3F8B833E36095E80F008DE80F0050466E
:108B680099E80C0094F8851000F082FB0446002870
:108B78003AD100F003FB0023304AC2F85838C2F853
:108B88002038D2F81039002BFBD10120FEF7EAFF7C
:108B980030BB2948FEF7BEFFD8B9204605B0BDE86E
:108BA800F08FB8F5805FFFF42DAF254C204605B057
:108BB800BDE8F08F234C204605B0BDE8F08F226950
:108BC800C3F8BC232268C3F8A8236268C3F8AC239F
:108BD8006CE71D48FFF74EF8204605B0BDE8F08F5A
:108BE8001A48FFF747F8D4E71948FFF743F8C0E7F2
:108BF8001848FFF73FF827E71748FFF73BF81DE746
:108C08001648FFF737F811E74FF47604C5E7CBF8B5
:108C1800280DCBF82C8D78E7012B9CD1D2F8BC33EA
:108C28002360D2F8A8336360D2F8AC33A3608EE730
:108C38000B48FFF71FF88EE71C01002000508450F6
:108C48000400F6000600F60034D8000014D800002E
:108C580064D90000F4D70000DCD700002CD900004C
:108C680048D900007F2809D851B10139022909D80B
:108C780005497F280CBF0846002070470248704706
:108C880008467047014870470100F7000300F700E5
:108C98007F2809D851B10139022909D805497F2807
:108CA8000CBF0846002070470248704708467047C6
:108CB800014870470100F7000300F7007E28F8B567
:108CC80051D80546012400F059FA0022354B364F99
:108CD8004FEAC50C28190CF57F01C7F8004501F5C6
:108CE8000441C3F80821C3F80021C3F80421C3F8DC
:108CF80000052E4E0968B14238D11C6001E00029F8
:108D080040D1D3F80021D3F80841D3F80411224305
:108D1800F5D0002C3CD1A9BB0120234AC3F800158B
:108D28000235C2F80005224AC3F80811C3F8001139
:108D3800C3F80411C3F8005552F80C401D4A944278
:108D48002BD1184A186000E0E4B9D2F80031D2F803
:108D58000811D2F804410B43F6D071B994B9C2F89E
:108D680000452046F8BD144C2046F8BD134CC3F806
:108D7800002500F003FA2046F8BD00230E4CC2F887
:108D88000035F6E70022074B0D4CC3F80025F0E745
:108D98000022094CC3F80025EBE7084CC3F800157E
:108DA800E7E700BF00900350004084508853845088
:108DB8000884FF00985384500100F7000600F7006C
:108DC8000200F7000129F0B407D0022900F08980D9
:108DD80000295AD07248F0BC70470022714C724B7F
:108DE8004FEAC00CC4F80015451C0CF57F04C3F805
:108DF800082104F50444C3F80021C3F80421C3F88A
:108E080000556A4E2468B44240F0B380196002E00D
:108E1800002940F0B580D3F80021D3F80841D3F8F1
:108E280004112243F4D0002C40F0B180002940F016
:108E3800A78001245B4AC3F800150230C2F8004538
:108E48005B4AC3F80811C3F80011C3F80411C3F84A
:108E5800000552F80C00574A904240F08E80524A62
:108E68001C6002E0002840F08B80D2F80031D2F874
:108E78000811D2F804010B43F4D0002940F08C808B
:108E880000287DD1C2F8000528E00124464BC20025
:108E9800444E204402F57F02C6F8004502F504421C
:108EA800C3F80811C3F80011C3F80411C3F800058A
:108EB8003E4D1268AA4260D11C6001E000285FD1D3
:108EC800D3F80021D3F80811D3F804010A43F5D0E8
:108ED80000295CD1002853D1C3F800050020F0BC5C
:108EE800704701250022304B2E4F4FEAC00C441921
:108EF8000CF57F01C7F8005501F50441C3F80821B6
:108F0800C3F80021C3F80421C3F80045274E0968B7
:108F1800B1422ED11D6000E091BBD3F80021D3F8F7
:108F28000841D3F804112243F6D084BB41BB012485
:108F38001C4AC3F800150230C2F800451C4AC3F8A1
:108F48000811C3F80011C3F80411C3F8000552F85A
:108F58000C00184A904210D1134A1C6000E078B9FE
:108F6800D2F80031D2F80811D2F804010B43F6D038
:108F780083E7C3F8002510482DE7C3F80015FAE782
:108F88000022094B0D48C3F80025F0BC70470022A9
:108F9800C3F800250A481EE70023C2F80035F9E7A0
:108FA8000C00F1000040845000900350005484509D
:108FB8000884FF00105484500600F7000200F700F0
:108FC8000100F7002DE9F0470024CCB0824689461D
:108FD8001646214674220EA81F46579DDDF8588173
:108FE80004F00EF9802221462CA82B9404F008F9ED
:108FF8008423B5F57F6FCDE90A440D940C9405934D
:1090080064D8FFF721FA05AB30462BAE01933946F9
:10901800DDE954230295009601F044FD002850D163
:10902800022307228DF813309DF813301B928DF818
:10903800743000220123012410211C900EA8CDE9D0
:109048002423CDF86890CDF878A02694FEF742FD49
:1090580010220DF120090092304605990AABCDF88F
:10906800049006AAFEF766FF074688B11EE0102D99
:109078002E4628BF10260EA93246FEF727FD1021DE
:109088000EA8FEF727FD0134AD1B3744E4B222D009
:10909800059B4A4606A90EA88DF8AC40FFF798FB39
:1090A800034608EB0700002BE1D01F460EA87422E8
:1090B8000021FEF70DFDFFF7C7F938464CB0BDE8B3
:1090C800F087064F38464CB0BDE8F087044F384665
:1090D8004CB0BDE8F0872F46E8E700BF0E00F1006E
:1090E8000F00F10070B584B00B9D099CB5F57F6F3A
:1090F8000DD803F1FF3CBCF13F0F10D87AB154B939
:10910800C02917D0B1F5807F10D080290AD06FF020
:10911800010004B070BD089E0EB1402CF0D96FF06C
:109128000200F6E77F2820D8002108E07F281CD815
:10913800022102E07F2818D801217F2815D0039545
:109148000A9DCDE90145089C0094FFF73BFF0028E4
:10915800DFD0094B9842DAD00133984208D0023B5D
:10916800984202D06FF00500D3E74FF0FF30D0E708
:109178006FF00400CDE700BF0D00F1000D4A0E4B63
:1091880012681168C3F888135168C3F88C13916882
:10919800C3F89013D168C3F894131169C3F89813EE
:1091A8005169C3F89C139169C3F8A013D269C3F835
:1091B800A4237047780100200050845082B010B575
:1091C80084B006AC042984E80C0005D0002004B063
:1091D800BDE8104002B0704790B1DDE90A1394462B
:1091E8002024CDE90130DDE9082300916046079984
:1091F8000394FFF777FF04B0BDE8104002B0704752
:109208004FF47600E3E700BF82B08DE80C0018B396
:1092180031B1042904D0022922D0134802B0704782
:109228000268124B02B0C3F888234268C3F88C2343
:109238008268C3F89023C268C3F894230269C3F80C
:1092480098234269C3F89C238269C3F8A023C269A2
:109258000020C3F8A42370474FF4760002B070478B
:10926800104602B0FFF72ABD0700F60000508450F0
:1092780082B008B50DF1080C8CE80C0070B159B13A
:10928800042906D0022907D00748BDE8084002B0E3
:1092980070472021FEF71EFC0020F6E74FF4760009
:1092A800BDE8084002B070470700F6000F2940F2F9
:1092B800A1802DE9F04F20F0030410F003072246A7
:1092C80085B079D138464FF0040E4C4ED6F8B430FC
:1092D8000093009BDD07F9D501254FF0000B21F025
:1092E8000F0101EB040C4649444B91F9058006EB4C
:1092F80088063668C3F8D460D3F8B4400194019C5A
:10930800E407F9D5002868D027FA00F8576807FA63
:109318000EF747EA0807C3F8D8709468576804FA44
:109328000EF8C74047EA0807C3F8D870D4689768AA
:1093380004FA0EF8C74047EA0807C3F8D870D2E91C
:10934800034724FA00F807FA0EF948EA0908C3F8AF
:10935800D88091F90280C3F8D8504FEA881949EAB1
:10936800884991F90580103249EA0839C3F8D8B01C
:1093780049F04059D3F8B0400294029CE407F9D56B
:1093880091F9028091F903A0C3F880904FEA8819F7
:1093980049EA884949EA0A3949F00849D3F8B04006
:1093A8000394039CE407F9D56245C3F88090A1D1E2
:1093B800002005B0BDE8F08F032FC7F1040E1BD0C5
:1093C800BEF1030F038804BF807843EA0043F80026
:1093D8004FEACE0E03FA00F777E71468C3F8D840CF
:1093E8005468C3F8D8409468C3F8D840D468C3F820
:1093F800D840AEE7002070470378E8E70050845073
:10940800A0D9000030B50C46002315468BB0224683
:10941800014604A8CDE90433CDE90633CDE9083384
:10942800FEF754FB002D18BF1024012304F1280275
:109438000DEB0204294804F8183CD0F8B430009326
:10944800009BDC07F9D5264C244A94F9053000EB3B
:1094580083000168D2F8B4300193019BD807F9D58D
:10946800C2F8D410049994F90230C2F8D8100599BA
:109478009801C2F8D810069940EA8340C2F8D8107B
:10948800079994F90530C2F8D810089940EA0330D2
:10949800C2F8D810099B1149C2F8D83040F04050A2
:1094A800D1F8B0300293029BDA07F9D594F902207B
:1094B80094F90340930143EA824343EA0433074A99
:1094C800C1F8800043F00841D2F8B0300393039B01
:1094D800DB07F9D5C2F880100BB030BD00508450BE
:1094E800A0D900002DE9F0410646324D324995F9E0
:1094F800023084B09C0144EA834444F08E4444F42E
:10950800003400F1100700F12008D1F8B0300093C2
:10951800009BD807F9D50523284A95F90000C1F81A
:109528008040072100F0E0FB03230721244A95F936
:10953800010000F0D9FB05234246072195F90200F6
:1095480000F0D2FB04233246072195F9030000F00E
:10955800CBFB04233A4695F90400072100F0C4FB2D
:1095680095F90530144A980140EA834040F08E404E
:1095780040F40030D2F8B0300193019BD907F9D5F7
:109588000D49C2F88000D1F8B0300293029BDA0787
:10959800F9D50C4B084AC1F88030D2F8B0300393A3
:1095A800039BDB07F9D5084BC2F8803004B0BDE84F
:1095B800F08100BFA0D90000005084508CD9000071
:1095C80080D9000080077A47C0077E4709B1202A62
:1095D80001D01148704710B504461430FEF776FAEA
:1095E8000E4A236AE069134061692362A369104047
:1095F800134021F07041A361E061616104F134001E
:109608001421FEF767FA20461021FEF763FA0023BB
:109618002374184610BD00BF0225F000FCFFFF0FA1
:109628002DE9F047082486B00194002800F0A280B4
:109638000E4615461F46044600296FD0002B6FD1F1
:10964800002A00F08C80007C83180F2B73D978B324
:10965800C0F11002954265D2521B511E02291346D1
:109668000DD943190020234422F00301194443F87B
:10967800040B9942FBD1910710D002F0030300229A
:10968800C3F110016254591E08D0023BC1F1100108
:1096980018BFC3F11003625418BFE2542A46207C55
:1096A800314620441644FEF711FA1023002523748E
:1096B800822001A900F0E4F9804658BB04F11400A7
:1096C800FFF710FF237C102B5AD017B90F2D40F24B
:1096D800E78025F00F0949463046FFF7E7FD0028E7
:1096E80040D115F00F050AD006EB0900002F40F015
:1096F800D28001462A462046FEF7E8F92574754BC4
:1097080004F13400052193F9022000F0C3FA01980E
:1097180000F096FA404606B0BDE8F08752BBF3B1B8
:10972800207C94E731462044AD1A1644FEF7CEF962
:1097380010232374BCE70B78012A23540CD00B4662
:10974800501E0844C1F10106217CF2180A4413F89E
:10975800011F9842A154F7D1237C2B4423744FF066
:109768000008D7E78046019800F06AFA404606B03C
:10977800BDE8F087DFF86081404606B0BDE8F087B5
:1097880014F0030E24F0030300F09E80BEF1030FD3
:10979800CEF1040200F09C80032A208804BFA1783F
:1097A80040EA01404FEACE0E4FEAC20900FA0EF035
:1097B8004A49D1F8B4200292029AD207F9D5DFF8C3
:1097C80014C1464A9CF905A001EB8A0ADAF800A000
:1097D800C1F8D4A0D2F8B41003910399C907F9D5F8
:1097E800BEF1000F63D0596820FA0EF001FA09F1B2
:1097F8000143C2F8D8105968986821FA0EF100FAA6
:1098080009F00143C2F8D8109968D86821FA0EF116
:1098180000FA09F00143C2F8D810D9681B6921FA87
:109828000EF103FA09F31943C2F8D8104FF0010EEC
:1098380000209CF902309CF90520990141EA8341F6
:1098480041EA0231254A41F04051C2F8D8E0C2F855
:10985800D800D2F8B0300493049BD807F9D59CF906
:109868000230C2F880109CF90320990141EA834133
:1098780041EA0231194A41F00841D2F8B030059363
:10988800059BDB07F9D50023C2F880102374002F4D
:109898003FF41CAF1DE701222946FFF7B3FD2EE771
:1098A8002A4631462046FEF711F9257427E719683C
:1098B800C2F8D8105968C2F8D8109968C2F8D810F8
:1098C800DB68C2F8D830B1E770464FF004096FE79B
:1098D800207867E7A0D900000225F00000508450E6
:1098E80008232DE9F04182B0009300293CD00F2ACB
:1098F800174639D904460E468220694600F0C0F85A
:10990800804618B1404602B0BDE8F08104F1140069
:10991800FFF7E8FD217C69BB19491A4D91F902301E
:1099280091F904009A0142EA834242EA003242F085
:109938000052D5F8B0300193019BDB07F9D53434D8
:109948002046C5F8802091F90220052100F0A2F9EF
:10995800009800F075F93A4621463046FEF7B6F809
:10996800404602B0BDE8F081DFF81C80404602B0F6
:10997800BDE8F08142462046FFF744FDCCE700BF32
:10998800A0D90000005084500225F0001F286DD98E
:109998008F282DE9F04106465BD910F01F0018BF4B
:1099A800012000EB561000F00103C0F3590001300C
:1099B8001F1811B18F425BD80F464FF4C05CFB00F3
:1099C800BCFBF3F4202C28BF202402B11460DFF87C
:1099D800A48040F6FC75D8F8040A40F40070FDF73E
:1099E800CBFF01230021A4F1020CC8F81C3807FAA8
:1099F80003F442460B46634503F10103B6BF116009
:109A0800156009191E2B02F10402F4D1194A0C44FD
:109A1800916716F03F0118BF01211748D467C2F8B3
:109A28008400002001EB96110131BF018901C2F8C1
:109A38009060C2F89410C2F89870C2F89C70C2F88E
:109A4800A070C2F8A470C2F8A870C2F8AC70BDE8E3
:109A5800F08100F1470303F01F00002814BF012024
:109A6800002000EB53109ED001309CE7034870475C
:109A78000248ECE70050845020F80F002221F00043
:109A880038B504460D461A484FF0FF31FEF73AF84C
:109A980028BB184BD3F8340E10F001000BD0164C2D
:109AA8001348FEF737F808B9204638BD1348FEF7C3
:109AB800E1F8204638BDFEF755F8A0B920462A46F9
:109AC8000021FFF763FF04460028EDD00120FEF7D0
:109AD80049F80028E4D00A48FEF7CCF8E0E709483E
:109AE800FEF7C8F8D5E70848FEF7C4F8E6E700BF70
:109AF80018010020006084503A21F00034D800009A
:109B080014D80000DCD70000F4D7000070B50D466B
:109B1800494C88B0D4F8B4300193019BDB07F9D5E0
:109B2800464B13449B001B6813F01F0118BF01210B
:109B3800002D01EB531130DD002400F1142E2046D6
:109B48000EF5041E01F1010C3B4B4FEA8E0E2CF072
:109B5800010CD3F8B4200292029AD607F9D5DEF8A0
:109B68000060D3F8B4200392039AD207F9D50022F3
:109B7800C3F8D46061B101329142C3F8D800FAD178
:109B8800614505D20A4601326245C3F8D800FAD1C8
:109B98000134A5420EF1040EDBD1274AD2F8B430C5
:109BA8000493049BDE07F9D5D06F234AD2F8B4306A
:109BB8000593059BDD07F9D5C2F8D400002939D0F3
:109BC80000231A461C4801339942C0F8D820FAD11C
:109BD8004A1C22F00102914207D20B460024164883
:109BE80001339342C0F8D840FAD11348D0F8B430C2
:109BF8000693069BDC07F9D5846F0F48D0F8B4307C
:109C08000793079BDB07F9D5C0F8D44039B1002387
:109C18001846094C01339942C4F8D800FAD18A424F
:109C280006D90020044B01319142C3F8D800FAD17B
:109C380008B070BD0A46D8E7005084502414211497
:109C480008B560B900220F4B0120C3F81C28FDF7A6
:109C580089FF98B90C48FDF75DFF50B908BD1E286B
:109C680001464FF0070228BF1E210020FFF74EFFD4
:109C7800E8E70648BDE80840FDF7FCBF0448FDF7E3
:109C8800F9FFE7E7005084501801002034D800009D
:109C980014D8000010B4134C85B0D4F8B430019334
:109CA800019BDB07F9D502F1142202F50412920098
:109CB80014680C4AD2F8B4300393039BDB07F9D538
:109CC800C2F8E44059B10438064A00EB8101D2F8E1
:109CD800DC300293029B40F8043F8842F7D105B07C
:109CE80010BC70470050845030B4344D84B0D5F85F
:109CF800B4400094009CE407F9D500F1142000F565
:109D08000410800005682D4CD4F8B4000190019827
:109D1800C007F9D5C4F8D450002B4CD0043A274CCE
:109D280002EB830C52F8040F9445C4F8D800F9D11B
:109D38005A1C22F001008342054407D200231F4C1D
:109D480000E001328242C4F8D830FAD11B4AD2F876
:109D5800B4300293029BDC07F9D5194B0B449B00E6
:109D68001B6813F01F0218BF012202EB5312824234
:109D78001ED91249D1F8B4300393039BDB07F9D5F8
:109D88000023C1F8D45019460C4C121A01339342DF
:109D9800C4F8D810FAD15A1C22F00101994207D907
:109DA8000020064B00E001328A42C3F8D800FAD1FD
:109DB80004B030BC70471846C8E700BF0050845054
:109DC800241421142DE9F04786B099B317468AB3B5
:109DD8000446002800F03C81B3F5803F984680F0A7
:109DE800AA8090F870300E46042B45D04FF0000939
:109DF8004FF0FF31AD48FDF785FE002840F0888020
:109E08000020FDF7AFFE00287ED10122A84BC3F841
:109E18001028C3F82028A36D934200F28A80226D8F
:109E2800023A082A0BD8DFE802F0656D0A0A0A0A26
:109E38000A6831009F4D284606B0BDE8F0879E4D60
:109E4800FEF702FBB9F1000F6AD10022984B0120FE
:109E5800C3F81028C3F82028FDF784FE00285BD13A
:109E68009248FDF757FE0028E5D09448FDF702FF19
:109E7800284606B0BDE8F087416DC06DFEF7F2FEDA
:109E8800002800F0F6804FF00109B1E743F0C06305
:109E980043F48D63626D022A54D802EB8202844D2A
:109EA80043EA023AD5F81039002BFBD14FF0FF30C6
:109EB8000593FDF753FDD5F8040A20F40060FDF77B
:109EC8005BFD0122C5F80029059BC5F8BC34C5F81F
:109ED800C0A494F87030002B36D0022B30D1616DBD
:109EE800E06DFEF7D5FE0546002800F01481FEF768
:109EF800ABFAA5E743F00803CCE743F0607343F4FB
:109F08008D63C7E70C23C5E76D48FDF7B3FE7CE713
:109F18006C48FDF7AFFE73E76B48FDF7ABFE9FE7B4
:109F28000423202104F1100084F87030FDF7D2FDDD
:109F38008BE7664D84E7664D284606B0BDE8F08796
:109F4800644D7DE7644D7BE72369C5F80034636998
:109F5800C5F80434A369C5F80834E369C5F80C34B6
:109F68002369C5F820346369C5F82434A369C5F8A2
:109F78002834E369C5F82C34636D002B40F0AE80BB
:109F880032793B79520003F0010302F002021A43CE
:109F9800474B31683868C3F80C2B226D032A5AD016
:109FA800226BC3F86024626BC3F86424A26BC3F805
:109FB8006824E26BC3F86C24C3F8280DC3F82C8D11
:109FC800226D022A13D0032A206845D0C3F8500412
:109FD8006268C3F85424A268C3F85824E268C3F836
:109FE8005C240122324BC3F87C24C3F8BC84304E75
:109FF8004FF40060C6F8281CC6F82C8CFDF7C2FC8C
:10A00800054600287FF41CAFD6F81059002DFBD167
:10A01800236D032B00F08A80D6F86024022B22637C
:10A02800D6F864246263D6F86824A263D6F86C2450
:10A03800E2633FF405AFD6F850342360D6F85434C1
:10A048006360D6F85834A360D6F85C34E360F7E66A
:10A058004FF47105EFE62068154BC3F840046268B9
:10A06800C3F84424A268C3F84824E268C3F84C241F
:10A07800B7E7FEF7E9F9616D02293FF604AFE36E31
:10A08800CD000193A36E103504F1100900930395D8
:10A09800CDF80890E06DD4E91823FEF793FF002867
:10A0A80051D1002384F87030EDE600BF1C01002078
:10A0B800005084500B00F1000100F10034D800007A
:10A0C800F4D70000DCD7000014D800000200F1002B
:10A0D8000500F1000900F1000600F100236AC5F847
:10A0E8001034636AC5F81434236AC5F83034636AD7
:10A0F800C5F83434636D022B7FF442AFA36AC5F808
:10A108001834E36AC5F81C34A36AC5F83834E36A1E
:10A11800C5F83C3434E7FEF797F9616DE06DFEF75A
:10A1280051FE054600283FF42BAFE0E6D6F8403450
:10A138002360D6F844346360D6F84834A360D6F870
:10A148004C34E3607CE6FEF77FF929464846FDF784
:10A15800C1FCA6E72DE9F04FB2F5C07FBDB000F213
:10A16800DA800C46DFF8B491154600214FF4D0721E
:10A1780082460DF17C08484603F042F8404601F05B
:10A188007FF830232146002409F118062A4689F869
:10A19800173030466BBAA9F81230A9F8104003F00E
:10A1A80008F88022234672550DF12B0101F8013F72
:10A1B8000133202BFAD14FF4807240460BA901F0ED
:10A1C80075F88346002840F0A38005F1190313AD04
:10A1D8002F4607AE0293CDF80CA0019604951022E5
:10A1E8000021019803F00CF8DFF834A1DDF808B07D
:10A1F80005970A9B5AF8044C089F099A07995AF838
:10A20800100C5AF80C6C5AF8085C5C40019B7E40B4
:10A21800554081EA00071A4601214046CDE90776F4
:10A22800CDE9095401F064F8BBF1100F94BFABEB12
:10A238000B0BABF1100B0AF1100A002847D1BBF148
:10A24800000FD6D1059F10223846019902F0B1FFC0
:10A2580099F8033010370133474589F80330BED1E8
:10A26800049D4FF4807229464046DDF80CA0019EFB
:10A2780001F01CF8834678BB54460AF130071BAB43
:10A288001A460121404601F033F8834620BB1022CC
:10A2980020461BA9144402F08CFFA742EFD1404688
:10A2A80000F0FEFF4FF4D0711C48FDF70FFE284662
:10A2B8003021FDF70BFE0BA82021FDF707FE3046E5
:10A2C8001021FDF703FE58463DB0BDE8F08F8346E8
:10A2D800DDF80CA0019E049D404600F0E1FF4FF41C
:10A2E800D0710E48FDF7F2FD28463021FDF7EEFD4E
:10A2F80020210BA8FDF7EAFD10213046FDF7E6FD09
:10A3080030215046FDF7E2FD58463DB0BDE8F08FDC
:10A3180013AD07AEE0E76FF0370BF5E7101200203A
:10A32800201200202DE9F0418CB004460D46302261
:10A33800002168466F4602F063FF04F12006E27BC5
:10A348000132D2B2E273002A4DD1A27B0132D2B2DD
:10A35800A273002A47D1637B0133DBB26373002BFE
:10A3680041D1237B0133DBB22373002B3BD1E37A4A
:10A378000133DBB2E372002B35D1A37A0133DBB2B0
:10A38800A372002B2FD1637A0133DBB2637253BB04
:10A39800237A0133DBB223722BBBE3790133DBB2BF
:10A3A800E37103BBA3790133DBB2A371DBB9637932
:10A3B8000133DBB26371B3B923790133DBB22371A3
:10A3C8008BB9E3780133DBB2E37063B9A378013367
:10A3D800DBB2A3703BB963780133DBB2637013B9A6
:10A3E8002378013323703B4622460121304600F092
:10A3F8007FFF8046002841D110370CAB9F429ED189
:10A40800029AAB680399534002933046EE68D5F838
:10A4180020804E40039604992E69D5F828C04E40F6
:10A4280004966E6905990B9F4E4005960699AE698C
:10A43800009B4E400696EE6907994FF480724E4095
:10A448000796089ED5F824E088EA0608099E8EEA51
:10A45800060E0A9E8CEA0601EE6A7E402F687B4053
:10A4680000936B68019D6B400193CDE9088ECDE99F
:10A478000A16694600F01AFF804638B1684630214E
:10A48800FDF724FD40460CB0BDE8F08110222046BF
:10A4980008A902F08EFEF1E72DE9F8431D4683690D
:10A4A800B3F5C07F52D81646C3F5C072AA424DD341
:10A4B800C5F5C072D31AB34248D30446DFF8989062
:10A4C8004FF4C0720F464846002102F099FE4946F3
:10A4D800D4F89430A269D4F898009847002838D165
:10A4E800D4F818803DB1D4E925302A4609EB080193
:10A4F800984770BBA84407B1C6B9174942460846F1
:10A50800FFF728FE054638B14FF4C0711248FDF731
:10A51800DDFC2846BDE8F88320460F49FFF702FF17
:10A5280005460028F0D101232361EDE7394632467C
:10A5380009EB080002F03DFE0749B04442460846D0
:10A54800FFF708FE05460028DED1E5E76FF037057E
:10A55800DFE76FF03305DCE7B013002010B5A42265
:10A568000021044602F04CFE4FF0FF314FF6F07226
:10A57800044B2161E26104F19C001B68BDE81040B6
:10A58800184700BF280100202DE9F047054688B08C
:10A598000F461646002120226846984602F030FEF3
:10A5A8001F4B05F19C0948461B689847044618B19B
:10A5B800204608B0BDE8F08705F1200A504600F0B3
:10A5C8005FFEAA69C5E92576F2B920232E69AB6139
:10A5D800002E22DB694650464FF4807200F066FE7A
:10A5E800044630B9334641462846109AFFF754FFCF
:10A5F80004460C4B48461B689847002818BF044679
:10A60800204608B0BDE8F0872E69002EE2DA2F2A2E
:10A6180096BF013226465608DCE71026DAE700BF67
:10A6280024010020200100202DE9F04FB2F5806FB1
:10A6380091B01A9F00F2E380B7F5807F00F2DC80CA
:10A64800044615460E463022002104A8984602F01A
:10A65800D7FD6C4B04F19C0948461B689847834614
:10A66800002840F092802269E3699A4200F39180C1
:10A678006369002B40F08D80002F40F0A980DFF83F
:10A6880088A16F46002D00F098806F4604F12008DD
:10A698000EE0102DAB4628BF4FF0100B3046394660
:10A6A8005A4602F086FDB5EB0B055E4400F0858046
:10A6B800E37B0133DBB2E373002B4DD1A37B013382
:10A6C800DBB2A373002B47D1637B0133DBB2637327
:10A6D800002B41D1237B0133DBB22373002B3BD109
:10A6E800E37A0133DBB2E372002B35D1A37A01336D
:10A6F800DBB2A372002B2FD1637A0133DBB2637212
:10A7080053BB237A0133DBB223722BBBE3790133CA
:10A71800DBB2E37103BBA3790133DBB2A371DBB90D
:10A7280063790133DBB26371B3B923790133DBB2E7
:10A7380023718BB9E3780133DBB2E37063B9A37893
:10A748000133DBB2A3703BB963780133DBB26370CA
:10A7580013B92378013323703B4622460121404632
:10A7680000F0C6FD8346002893D0DAF8003048464A
:10A7780098470346302104A8002B18BF9B46FDF7D5
:10A78800A5FB10213846FDF7A1FB584611B0BDE8DE
:10A79800F08F3A46414600232046FFF77DFEDFF85A
:10A7A80068A000283FF46DAF4846DAF800309847B3
:10A7B800834600283FF465AFE7E7204604A9FFF782
:10A7C800B1FD83460028D0D1236901332361CCE74A
:10A7D8003A46414604A8FFF7BDFC834618B16F46C8
:10A7E800DFF824A0C1E7204604A9FFF79BFD8346B4
:10A7F80000283FF444AFF2E76FF0370BC5E76FF07E
:10A80800350BC2E724010020200100202DE9F04388
:10A81800202B1D460646884691468BB026D8DBB2CB
:10A8280002AF8DF80480B04658F8041B8DF8053047
:10A8380021B9404600F09EFD044640B9012302229A
:10A848004046336001A900F0A9FD044638B13846F6
:10A858002021FDF73BFB20460BB0BDE8F0832A46DC
:10A868004946404600F09AFD0446F0E702AF194613
:10A87800104600233A4600F017FF04460028E6D1A8
:10A888002023B9461D46CCE72DE9F041D0F8F83031
:10A89800A6B0002BD8BF02AE31DD05460027D0F8A0
:10A8A8000C4102AEA4F101089022D5F8FC403146D3
:10A8B800D0F8000101AB0197B8FA88F8A0474FEA31
:10A8C8005818044620B9019B53B9B8F1000F16D0A7
:10A8D80030469021FDF7FAFA204626B0BDE8F0810F
:10A8E800014632462846FFF791FF58B9D5F804319A
:10A8F800019A1344C5F80431B8F1000FE8D16FF09C
:10A908003C04E5E70446204626B0BDE8F08100BFD8
:10A9180070B500250446142204F588762946C0F847
:10A92800F850FC3002F06CFC08222946304602F050
:10A9380067FC144B30461B689847204640F8045B78
:10A9480000F0FEFC104B30461B689847C8B9D4F895
:10A95800F830AB420FDC03EB830204EB82022021C8
:10A96800C2F800010120C2E9421008490133C2F8C7
:10A97800FC10C4F8F830064B3046BDE870401B6840
:10A98800184770BD280100202401002085B100006F
:10A99800200100202DE9F047202A88B07AD83F4BC3
:10A9A80000F5887904461B68484617468846984744
:10A9B8000546F8B940F20116D4F8F830002B65D0F6
:10A9C8002046FFF761FF054638B9D4F8F830002B68
:10A9D80014DC013EF2D16FF03B056E462021304673
:10A9E800FDF774FA2E4B48461B689847002818BF95
:10A9F8006FF01D05284608B0BDE8F087D4E941325C
:10AA0800934203D3D4F80C21012A02D0013ED7D1B6
:10AA1800E1E71F2BFAD96E4601462022304604F1A1
:10AA2800040A02F0EDFB3146504600F0E1FC054611
:10AA38000028D3D1504600F097FC504600F080FC27
:10AA48002946504600F096FC05460028C6D15046D7
:10AA58002022314600F0A2FC05460028BED103465C
:10AA680032462021304600F01FFE05460028B5D1A9
:10AA7800D4F8F8303A46002BC8BF00234046314688
:10AA8800C8BFC4F8043102F094FBA7E76FF03F0594
:10AA98006E46A3E76FF03B05ACE700BF240100203A
:10AAA800200100202DE9F041002482B00A9D019484
:10AAB800B5F57F6F40D8ED00B5F5807F1E4634BFF1
:10AAC8000323042301F1FF3CBCF13F0F0C46009324
:10AAD80032D888B3174666BB089A6AB3099A1168D0
:10AAE80051B3A2191344994226D3089B0146224622
:10AAF800581CFCF7EBFF089B04F102081C440023D8
:10AB0800637026BB089BFF2D009503EB080017D93F
:10AB18002B029BB243EA1523022201A90193FCF7F9
:10AB2800D5FF08F102030020099A136002B0BDE8BE
:10AB3800F0810AB1402ECFD9094802B0BDE8F081B2
:10AB480001226946FCF7C2FF08F10103EBE7089B05
:10AB5800324603EB08003946FCF7B8FFB044D1E7AA
:10AB680006000080002130B58DB0282202A801918E
:10AB780002F046FB02A800F0BFFD044610B12046D3
:10AB88000DB030BD1B4D4FF0FF312868FCF7BAFF00
:10AB980060BB194BD3F8340E10F0010017D1FCF745
:10ABA800E1FFF8B9154A02A901A800F0D9FA04464C
:10ABB8000120FCF7D7FF88B92868FCF7ABFF00280D
:10ABC800DDD00F48FDF756F820460DB030BD286897
:10ABD8000524FCF79FFF0028D1D0F2E70948FDF7CC
:10ABE80049F8E9E70848FDF745F8DBE70748FDF7C6
:10ABF80041F8CEE70C010020006084503015002099
:10AC080034D8000014D80000F4D70000DCD70000C6
:10AC180030B583B0FCF7A0FE78B9FCF7BFFE90B959
:10AC2800144BC3F80C0AFFF79DFF0446F8B9124D00
:10AC38002B6863B1204603B030BD0324FCF7DCFE6B
:10AC4800204603B030BD0424204603B030BD024680
:10AC58000146FDF739F850B96822084901ABFDF7FC
:10AC680063F820B92046064B2B6003B030BD05249D
:10AC7800E0E700BF00508450501700205417002010
:10AC88005AEA5A5A00201870704700BF2DE9F0415F
:10AC9800002873D00C46002970D01D46002B6DD0BB
:10ACA80007461AB1012200232A6003602B68002B93
:10ACB8005FD02946204600F0D9FD804600285AD1A9
:10ACC8002146286800F0B8FD8046002853D128683E
:10ACD800082867D0042867D0A0F10200B0FA80F0F5
:10ACE80040090121314EC6F8C411C6F84011C6F812
:10ACF800C411636AC6F83031D6F830219342F6D1D0
:10AD08000023C6F82C314FF0FF33C6F808316FF036
:10AD18001B03C6F80031C6F80C01D6F8040A40F443
:10AD28008060FCF729FE0A23C6F83831069B012B00
:10AD380029D023691E4AA2FB03231B09626A4046E5
:10AD480002FB03F303EB4303184ADB039B09C2F836
:10AD5800D8310123C2F82C313B682A6823F07F439D
:10AD680043EA02633B602A6843EA02233B60BDE88A
:10AD7800F081DFF840804046BDE8F081DFF8388098
:10AD88004046BDE8F0814FF47F03D3F80C2C013224
:10AD980006D0D3F80C3C064AA2FB03231B09CDE7D7
:10ADA8001623CBE703209CE702209AE70050845043
:10ADB800ABAAAAAA310CF100350CF10058B34B1E0E
:10ADC800B3F5047F27D230B54FF0000ECD0074469E
:10ADD80071464B0901F01F0C50F82330BCF11F0FCE
:10ADE80023FA0CF306D003F0010319B901211C461C
:10ADF8008E46EEE79C4201F1010106D01C464FF059
:10AE0800010EA942E5D1002030BD0EF1010E964594
:10AE1800F7D1024830BD0148704700BF360CF10039
:10AE2800C0B32DE9F0434C1EB4F5047F1DD2E3B145
:10AE3800DAB100252E46A8462C46CF0003F1FF398B
:10AE48004FEA541C04F01F0E50F82C10BEF11F0FCF
:10AE580021FA0EFC0CD00CF0010C4CB90126E0468E
:10AE680034463546ECE7964216D90C48BDE8F083DF
:10AE7800AB420BD0C44508BF0136A945F3D0013514
:10AE88000134BC42DCD10020BDE8F0830125E04656
:10AE98002E46F5E7014870471D46F1E7370CF100EB
:10AEA8002DE9F04F8FB08246DDE919460D46002E98
:10AEB8006ED1096904911C60002318990B60002A5F
:10AEC80000F02881994B6A6AD3F83811D3F83031E9
:10AED8009A4269D10A2967D19AF80330069304F196
:10AEE800080305930423049A0393914B8F4CA3FB07
:10AEF800023B4FEA9B0B0BEB4B0BA2EB4B0B189B4C
:10AF0800049E1E60002E00F0E580002700F0BEFCC5
:10AF18000797BAF1000F00F0D0804FF00109DDF873
:10AF28001480002D00F0C980069B002B3ED02846D7
:10AF380006A900F09BFC00283AD07E4B984220D00E
:10AF4800069B082B00F0E08000225B000693294650
:10AF580006AB50460092FFF799FE774B984200F0F7
:10AF6800CF8070B9DAF80020130A03F47F03134383
:10AF780023F07F43CAF80030039B013B0393BED103
:10AF88000020039000F082FC03980FB0BDE8F08F1A
:10AF98004FF47F01D1F80C0C01300CBF4FF4047151
:10AFA800D1F80C1C049186E76448EAE76248C4E7D4
:10AFB8002946069800F040FC0028BED1069B082BC5
:10AFC80000F0A480042B00F0A380A3F10203B3FADD
:10AFD80083F35B09C4F8C491C4F84091C4F8C491E0
:10AFE8006A6AC4F83021D4F830118A42F6D10022B6
:10AFF800C4F82C214FF0FF32C4F808216FF01B026F
:10B00800C4F80021C4F80C31D4F8040A40F4806074
:10B01800FCF7B2FC0A23C4F838312B69444AA2FB76
:10B028000313696A1B0901FB03F303EB4303DB0307
:10B038009B09C4F8D831C4F82C910698DAF8003086
:10B0480023F07F41030243EA00630B43CAF8003050
:10B0580007A800F0E1FB079B354A03F01A030343F6
:10B068007FF46EAFA2FB0632D4F81431B7EB920F1F
:10B078000893D4F818310993D4F81C310A93D4F8FA
:10B0880020310B93D4F824310C93D4F828310D9344
:10B0980002D1BBF1000F12D14046182208A9183E70
:10B0A800FCF714FD08F1180801379EB100F0EEFB1B
:10B0B80000230793002D7FF437AF21483DE7404632
:10B0C8005A4608A9A6EB0B06FCF700FDD844013741
:10B0D800002EEBD1049F059E6A6939463046FFF77A
:10B0E8006DFEAA6940B94FF4806339463046FFF7D0
:10B0F80097FE00283FF444AF0023189A13601CE71A
:10B108002B6A002B3FF43DAF0E483AE7032361E773
:10B1180002235FE7012229465046009606ABFFF757
:10B12800B5FD00283FF4DBAE2BE700BF005084508C
:10B13800ABAAAAAA020CF100310CF100300CF10004
:10B14800350CF100320CF10010B4DDE90134019442
:10B158000024DDF80CC0CDE902C410BCFFF7A0BE86
:10B1680030B51546012487B005AB00930022CDE920
:10B17800015404ABFFF794FE07B030BDF0B587B0BB
:10B18800002967D01E46002B64D01446002A61D0DF
:10B19800324F0D4638684FF0FF31FCF7B3FC0028FA
:10B1A8003DD12F4BD3F8340E10F0010015D04FF0DD
:10B1B800FF354FF408712B48FCF77EFE04212A481E
:10B1C800FCF77AFE29482821FCF776FE3868FCF758
:10B1D800A1FC40BB284607B0F0BDFCF7C3FC002823
:10B1E80034D1224800F088FA70B91E4A0346029208
:10B1F80005AA019204AA039000921C4902461A4823
:10B20800FFF7A2FF0346A0B14FF0FF350120FCF77E
:10B21800A9FC0028CDD01648FCF72CFDC9E7154835
:10B22800FCF728FDBDE71448FCF724FD284607B0C5
:10B23800F0BD28461D46059B22469C4228BF1A465B
:10B24800049932600831FCF741FCDFE70B48FCF752
:10B2580011FDC6E74FF0FF35BCE700BF0C01002029
:10B2680000608450E8170020BC170020C017002099
:10B2780014D80000DCD70000C0D90000F4D70000C3
:10B2880010B5044630B1002201236265A265E3656A
:10B29800236610BD0148FCF7EDFCF4E7D8D900009F
:10B2A80018B174220021FCF713BC7047C8B1D9B19A
:10B2B80008B50023C02A836380F83C300FD0B2F56C
:10B2C800807F04D0802A03D06FF01F0008BD0223BE
:10B2D8000363D2081030FCF7F9FB002008BD0123F6
:10B2E800F6E76FF0210070476FF01F00704700BF4E
:10B2F80070B5044686B0F8B11046EAB1E3B1012949
:10B308001AD8A26B16D0012A16D1102500210DEBF0
:10B318000506019602AA616329460095FCF70AFE14
:10B3280050B92B463246204602A9FDF7B5F818B9A0
:10B3380006B070BD002AE8D06FF02100F8E700BF22
:10B3480010B5044628B12046BDE81040F421FCF7AA
:10B35800C1BB0448FCF78EFC2046BDE81040F42130
:10B36800FCF7B8BBECD9000010B1F421FCF7A4BD80
:10B37800704700BF08B521B1012908D06FF0360029
:10B3880008BD012100F058F80028F7D108BD0221B6
:10B3980000F052F80028F9D0F0E700BF30B50546B4
:10B3A8008818B0F5801F0B461446A1B001D8802A32
:10B3B8000CD9B3F5801F17D922461946284600F044
:10B3C8007DF8044684B9204621B030BD6846FCF7B4
:10B3D8007DFB22466946284600F070F88021044625
:10B3E8006846FCF777FBEDE76FF03604EBE700BF44
:10B3F80070B5E8B10E46D9B1044600F031F80546FB
:10B40800B0B92368012B0BD0022B01D0284670BDA0
:10B418001C22304604F10801FCF758FB284670BD91
:10B428002022304604F10801FCF750FB284670BD85
:10B438006FF03605EAE700BF78B138B50D46F02160
:10B448000446FCF747FB402320462560E365FCF7EC
:10B45800A3FD003818BF012038BD0120704700BF88
:10B46800F0B5056EA5B0044604AEE5B90023012782
:10B47800019330466760294602AA0093FCF75AFDFB
:10B4880010B1012025B0F0BD2A46204602A9FCF7DC
:10B49800ABFD0028F5D12046FCF7AEFE0028F0D120
:10B4A800206625B0F0BD802D2A46304628BF802270
:10B4B80004F16401FCF70AFB256ED7E7002800F0C9
:10B4C800AE802DE9F04F1446A5B0002A3DD00F46B6
:10B4D800002949D0B2F5803F0546006E20D34FF6CB
:10B4E800FF7805F1640AEB6D1A1AB2FBF3F103FB5E
:10B4F8001122002A65D18342B9464FF6FF7672D0F1
:10B50800B6FBF3FB03FB0BFBBBF1000F30D1002EA6
:10B5180045D1A4F57F44FF3CB4F5803F4744E2D2CF
:10B52800EA6D161AB6FBF2F302FB1366A64228BFB1
:10B538002646002E75D1824200F08D80B4FBF2F6CB
:10B5480002FB06F62EB9002C79D1002025B0BDE803
:10B55800F08F002331463846CDE9003302AAFCF7C4
:10B56800E9FC002800F09580012025B0BDE8F08FA7
:10B57800002359464846CDE9003302AAFCF7DAFC15
:10B588000028F1D15A46284602A9FCF72DFD0028CB
:10B59800EAD1A6EB0B06286ED944002EB9D0193093
:10B5A8004946324605EB8000FCF790FAA4F57F4443
:10B5B800286EFF3C3044B4F5803F4744286692D259
:10B5C800AEE7424528BF4246164639465044FCF786
:10B5D8007DFA286EEB6D3044834207EB0609286636
:10B5E800A8EB06068CD1802B28BF802351461A462B
:10B5F80004A8FCF76BFA0023E96D02AACDE9003331
:10B6080004A8FCF797FC0028AED12846EA6D02A9E9
:10B61800FCF7EAFC0028A7D1EB6D286670E701204B
:10B62800704705F16403394632461844FCF74EFA70
:10B63800286EEA6D3044A41B374428667BE72B6EDE
:10B648002246193305EB83003946FCF73FFA2B6E87
:10B6580023442B6679E7802A28BF802205F16401FC
:10B6680004A8FCF733FA0023E96D04A8CDE90033F8
:10B6780002AAFCF75FFC00287FF476AF2846EA6D43
:10B6880002A9FCF7B1FC00287FF46EAFEA6D2866CA
:10B6980054E73246284602A9FCF7A6FC00287FF4A6
:10B6A80063AF3744A41B4EE7F8B51C46054611485E
:10B6B80016460F46FFF744FE21460E48FFF75AFE8E
:10B6C800044620B10B48FFF74FFE2046F8BD3A4626
:10B6D80029460848FFF762FE04460028F2D13146A1
:10B6E8000448FFF785FE04460248FFF73DFE204662
:10B6F800F8BD00BF081A00201C2370B582B001A94C
:10B708000546019300F032F8044638B9019B1C2B1A
:10B7180007D0144C1C212846FCF7DCF9204602B05F
:10B7280070BDD5E90112131E18BF0123003918BFD7
:10B738000121012628689B00EA6843EA41030028A2
:10B7480018BF43F00103EE612AB9C5E90834002B9C
:10B75800E4D1054CDEE7204643F00803C5E9083488
:10B7680002B070BD370CF0000E0CF000034618B1A3
:10B7780011B10A681C2A01D0012070474FF47F02DA
:10B78800D2F8101C01310CBF40F2DC51D2F8101C69
:10B798004FF47F020160D2F8141C01310CBF40F253
:10B7A800DC51D2F8141C4FF47F024160D2F8181C07
:10B7B80001310CBF40F63401D2F8181C4FF47F0257
:10B7C8008160D2F81C1C01310CBF40F63401D2F85C
:10B7D8001C1C4FF47F02C160D2F8001C01310CBF61
:10B7E8009021D2F8001C4FF47F020161D2F8041CAA
:10B7F80001310CBF5121D2F8041C4FF47F02416182
:10B80800D2F8081C002001310CBF40F23732D2F8C0
:10B81800082C9A61704700BF014608B54FF4806054
:10B82800FCF7B6F80022034BC3F8C821C3F82C2153
:10B8380008BD00BF005084500138072805D8DFE84C
:10B8480000F0100E040A0404040607487047CB6889
:10B8580000204B6270478B6800204B6270474B6832
:10B86800F6E70B68F4E700BF310CF1000B6802E063
:10B87800082B0B6006D8026A13424FEA4303F7D03D
:10B888000020704700487047310CF100002310B5C4
:10B89800064C4FF48060C4F82C31C4F8C431FCF76E
:10B8A8005DF84FF0FF33C4F8083110BD00508450E4
:10B8B80008B5054B044613B10021AFF3008000F032
:10B8C8007FFA2046F6F700FC00000000F8B50E4BA2
:10B8D80006461D68AB789B0712D56F6816F8014BB2
:10B8E80029462CB90A20B847002805DB204609E07C
:10B8F8002046B8470028F1DAAB7843F00403AB7070
:10B908004FF0FF30F8BD00BF08D700002DE9F04F19
:10B9180043688DB015468046029383789A0740F1B4
:10B928000D8100240E78002E00F00A81252E0BD000
:10B938004B1C0393013441463046029B984700282C
:10B94800C0F2F6800399EDE74E788B1C252E039301
:10B95800F0D00027B946BB46BBF11F0F38D8A6F177
:10B968002003102B0AD8DFE803F02A090930090957
:10B97800092109090928092D09091F00A6F1300321
:10B98800092B33D92A2E37D11BF0400F55F8043B29
:10B9980040F08280002BA7BF4BF0200B9946C3F1E3
:10B9A80000094BF0280B01E04BF0010B039B13F847
:10B9B800016B0393002ECFD130E04BF0020B4BF01C
:10B9C800040BF3E74BF0080BF0E74BF0100BEDE737
:10B9D800BBF17F0F19D8A6F13003092BD2D81BF081
:10B9E800400F03D00A2101FB0737DFE70A214BF09C
:10B9F800200B01FB0939D9E72E2E06D11BF0400F89
:10BA080040F09E804BF0400BD0E76C2E31D02BD805
:10BA1800682E36D06A2E3CD04C2E3AD0002F46F0F5
:10BA28002003B8BF2BF04002A3F16501BCBF00277B
:10BA38001FFA82FB022901D9612B2FD1073507276D
:10BA4800DFF8ACA225F0070508351BF0080F66D013
:10BA58000AEB070B56465E4563D1A4EB0A0AA9EB2D
:10BA6800070906EB0A026FE1742E9FD07A2E9DD04B
:10BA7800D4E71BF0800F18BF4BF4007B4BF0800B12
:10BA880094E71BF4807F18BF4BF4007B4BF4807B5A
:10BA98008CE74BF4207B89E71F4687E7A6F1630113
:10BAA800122900F2F080DFE811F013004F00EE00D9
:10BAB800EE00EE00EE004F00EE00EE00EE00EE00AD
:10BAC800EE00FE00E900EE00EE001B00EE00AF0005
:10BAD80055F8043B01270DF1180A8DF81830B4E722
:10BAE80055F804AB834BBAF1000F08BF9A461BF018
:10BAF800400F504614BF39464FF0FF3101F098FB14
:10BB08000746A2E741462020029B984700280FDB02
:10BB1800013EB742F6D34C44B146A41B98E74E46C3
:10BB2800F7E7414616F8010B029B9847002892DA7E
:10BB380098F8023043F0040388F802304FF0FF34DD
:10BB480020460DB0BDE8F08F1BF0800F34D01BF4F9
:10BB5800007F2CD0073525F00705AA4669685AF8F2
:10BB6800080B2BF010050029ADB237DA404245F436
:10BB7800806561EB41010DF1180B0A235A4601F06B
:10BB880079FBA0EB0B0301936B0662D5019B25F0B3
:10BB980001019F4289B240F3A180002E00F09980F4
:10BBA80015F0100240F09C80BB460D4623E0AA46E3
:10BBB8005AF8040BC117D4E7AA461BF4807F5AF839
:10BBC800041B01D10846F5E71BF4007F19BF48B2F2
:10BBD80041F3C01108B241F3C031C2E750EA010392
:10BBE800C9D11BF0400FC6D0002FC4D12BF01102D1
:10BBF800BB46019795B240F2064115EA01021CBF07
:10BC08000BF1010B00222CE02BF010020A231FFA83
:10BC180082FB1BF0800C49D01BF4007115BF07355F
:10BC2800AA4625F007055AF8040B1EBFAA466968FC
:10BC38005AF8080B50EA010545D12BF016051BF000
:10BC4800400FADB242D0002F40D12BF01702019720
:10BC580095B215F0100248D0019B002E42D103F195
:10BC6800010B29075AD4EB0706D5D9456FDDA9EB97
:10BC78000B030199CB465F185B4649E04BF0100B6C
:10BC880010237826C5E7782B04D1C6F1780343F052
:10BC98001003BEE741462520029B98470028FFF67F
:10BCA80047AF023447E608230026B2E7AA461BF44A
:10BCB80080715AF8040BBDD01BF400711ABFC0B2D2
:10BCC800614680B2B6E72BF0060295B20DF1180B6B
:10BCD80054E725F01105BB46ADB28CE70D46B8E731
:10BCE8003B460D4603F1020BBBE7DDF804B082E7E3
:10BCF800EBDE0000E4DE0000CDE9043241462020FE
:10BD0800029B98470028FFF613AF049B059A01335E
:10BD18009945F1DCA4EB0B019B46CC180AB34146CC
:10BD28003020029B98470028FFF602AF8EB90134F5
:10BD38002744391B019B994224DC1D4655BB019AB7
:10BD4800A9EB0B09554622441446914433E0019F60
:10BD580092E7023441463046029B98470028E7DACA
:10BD6800E6E640F206410D42E2D015F0020F04F17A
:10BD78000104414614BF2B20202015F4806F18BF02
:10BD88002D20E9E741463020029B013498470028DE
:10BD9800CFDACDE606AB013D4146585D029B984798
:10BDA8000028CBDAC4E641462020029B013498479C
:10BDB8000028FFF6BDAEA9EB0403002BF3DCC1E5B8
:10BDC80038B5074D074C641BA41024B9064B0BB1BA
:10BDD800AFF3008038BD013C55F824309847F4E7AC
:10BDE800000000000000000000000000704701444F
:10BDF800814200D1704782EA423282EA524282EAA4
:10BE0800421200F8012BF3E710B5431E01390F3039
:10BE180013F8012F11F8014F834282EA04021A70C5
:10BE2800F6D110BD70B550F8214050F82260049D3D
:10BE3800344440F8214050F8256074404FEA3444B7
:10BE480040F8254050F82360344440F8234050F827
:10BE5800226074404FEA345440F8224050F8216080
:10BE6800344440F8214050F8251061404FEA3161D0
:10BE780040F8251050F82340214440F8231050F88A
:10BE8800223059404FEA716140F8221070BD0020FD
:10BE9800F4F758BE03462DE9F04F0C46D0E9078E5B
:10BEA80042698DB005928269D0F824C00692026872
:10BEB80008AF0192D0E901200290D86801F1100B77
:10BEC800039018690490029800EB8009039800EB2E
:10BED8008005049800EB800A3E46206861680834B3
:10BEE80003C65C453746F7D10899099CDDF814B0BC
:10BEF80021F07C408344A00140EA9160069920F03B
:10BF08007C4008440A990E0346EA14560B9C26F016
:10BF18007C46A70447EA913727F07C477744A0FB83
:10BF28000A1E4644DDF80480240AEBFB081EE7FBE2
:10BF3800091EE6FB051E44F08074644402EB820C83
:10BF4800E4FB0C1EA8FB008CEBFB028CE7FB058CCA
:10BF5800EAFB068CE9FB048CCDE9058CA0FB029872
:10BF6800DDF808C0EBFB0C98EAFB0798DDF804C085
:10BF7800ECFB0698E5FB0498029DCDF81C90A0FB0D
:10BF88000559DDF80CC0EBFB0C59DDF804C0ECFBDF
:10BF98000759E6FB0259DDF80CC0EAFB0459A0FB7F
:10BFA8000C0ADDF810C0EBFB0C0AE7FB020A029A48
:10BFB800E6FB020A019A079EE2FB040A059C21F0AF
:10BFC8007C42890E41EA8E110919069C44F1000C45
:10BFD80021F07C44890E41EA8C11891948F1000846
:10BFE8008E0E46EA8816761949F10009B50E45EA1B
:10BFF80089152D184AF1000AA80E40EA8A1000EBAC
:10C008008000104420F07C4204EB906421F07C41D5
:10C0180026F07C4625F07C455A619C61D9611E62F8
:10C028005D620DB0BDE8F08FF4F75EBE2DE9F04F0C
:10C0380087B0019202AA06460B46144601F1100782
:10C04800154618685968083303C5BB422A46F7D114
:10C0580031462046FFF7D8FE06F1A00306F1100886
:10C0680000932046F4F756FD9DF80D209DF8093001
:10C078008DF809209DF811204FF0000C8DF80D2047
:10C088009DF815208DF815308DF811209DF8122097
:10C098009DF80A308DF80A209DF816208DF8123088
:10C0A8009DF80E308DF80E209DF813208DF816306F
:10C0B8009DF817308DF817209DF80F208DF8132064
:10C0C8009DF80B208DF80B3023468DF80F2018783B
:10C0D8005D789A7880EA050919F0800F0CBF4FF057
:10C0E800000A4FF01B0ADF7849F3060B82EA070EB5
:10C0F80089EA0E0180EA01098AEA4B0A89EA0A09F3
:10C1080083F8009085EA020919F0800F49F3060ABE
:10C118000CBF4FF000094FF01B094D4089EA4A094E
:10C1280085EA09051EF0800F5D700CBF00251B25F0
:10C138004EF30609784085EA49054A406A4010F0FE
:10C14800800F9A700CBF00221B2240F3060582EA7A
:10C1580045024F400CF1010C5740BCF1040FDF7051
:10C1680003F10403B3D141462046FFF74DFE009B7F
:10C1780008F1100843457FF474AF2046F4F7CAFC71
:10C188009DF80D209DF809308DF809209DF81120A3
:10C1980020468DF80D209DF815208DF815308DF866
:10C1A80011209DF812209DF80A308DF80A209DF87C
:10C1B80016208DF812309DF80E308DF80E209DF85F
:10C1C80013208DF816309DF817308DF817209DF83C
:10C1D8000F2006F1A0018DF813209DF80B208DF893
:10C1E8000B308DF80F20FFF70FFE019B06AD22469E
:10C1F80003CAAA4218605960144603F10803F6D12D
:10C2080007B0BDE8F08FF4F769BEF0B50C460244FC
:10C218000B44904201D3601AF0BD064616F8015B44
:10C2280028090F2806D1964236D016F8017B3844E3
:10C23800FF2FF7E727189F4231D8304490422ED875
:10C24800013CB0420FD1904224D230F8026B4EB379
:10C2580005F00F040F2C0BD1904226D210F8015B89
:10C268002C44FF2DF7E716F801CB04F801CFE8E7D7
:10C27800A7EB060C614504F1040519D87C199C420A
:10C2880019D80026AE42C4D21CF806E007F806E02A
:10C298000136F7E73C46BEE74FF0FF30BCE76FF0EA
:10C2A8000100B9E76FF00200B6E76FF00300B3E7EB
:10C2B8006FF00400B0E76FF00500ADE7836800EBAE
:10C2C800C101B3F5004F2CBF51F8220031F812001C
:10C2D800704700EBC1018068B0F5004F2CBF41F8F2
:10C2E800223021F812307047012208B5FFF7E6FF27
:10C2F800D04008BD836800EBC101B3F5004F08D3F7
:10C308004B681AB143F001034B60704723F00103F7
:10C31800FAE74B881AB143F001034B80704723F0CA
:10C328000103FAE753000122FFF7D3BFB0F5004F2E
:10C3380034BF04230823481C0833A0EBD300B0FA09
:10C3480080F0C0F11F0070472DE9F0410D46866866
:10C358000446FFF7C9FFB6F5004F014601D301288F
:10C3680032D03046FFF7E2FF04EB80010E6996B940
:10C378000122E36882401343E36002220D612B46E9
:10C3880029462046FFF7A5FF032229462046BDE897
:10C39800F041FFF79EBF022231462046FFF78EFF8D
:10C3A8000746034629462046FFF793FF03223346F4
:10C3B80029462046FFF78DFF39462B462046FFF7D2
:10C3C80088FF02223146E1E7BDE8F081B2F5802F0F
:10C3D8002CBF082304232DE9F0410026D21A8C181B
:10C3E800CD1D25F0070524F00704641BE40805604B
:10C3F80021462046AC60EE60FFF798FF421D920090
:10C40800013002F107074FEAD7073146A2F11002BF
:10C4180005F11000B8BF324600F0F2FE3A46314648
:10C428002846FFF77FFF3346324631462846FFF756
:10C4380050FFA4EB0708284631460122FFF75AFFB0
:10C4480042463946FFF76EFF3B4632463946284694
:10C45800FFF73FFF21462846FFF764FF4346324671
:10C4680021462846FFF735FF214628460122FFF7D7
:10C4780041FF3946BDE8F041FFF766BF002070472D
:10C488000FB407B504A951F8040B0191F4F7DEFEC7
:10C4980003B05DF804EB04B07047038B13F0070397
:10C4A80005D10368002B0CBF002003207047022B26
:10C4B80005D1408BB0FA80F0400980007047012B0D
:10C4C80005D10368002B0CBF002005207047002011
:10C4D800704710B50C4600B111B96FF0150010BDCA
:10C4E800081D00F093F80028F9D1A368032BF6D9AA
:10C4F800F3E72DE9F0410D4607461946281D9046F9
:10C508001E4600F094F8044638B1334642462946A0
:10C518003846A446BDE8F0416047BDE8F08110B454
:10C52800EFF31182202484F31288BFF36F8F4161E7
:10C5380010BC0121F4F7BCBE38B50C46054658B10D
:10C5480051B10B6843B14B6833B11C22002100F094
:10C5580057FE00202C6138BD6FF01500FBE770B561
:10C5680005460E46FFF7B5FF041E14DBEFF31182F4
:10C57800202383F31288BFF36F8F4FF6FF716B8B05
:10C588002C8B8B4204F0070407D182F31188BFF388
:10C598006F8F6FF00A04204670BD022C0CD1013356
:10C5A8006B8382F31188BFF36F8F002322463146D5
:10C5B8002846FFF79EFFEEE7062C14D8DFE804F0C4
:10C5C80004131313041A0400002333606B683BB987
:10C5D800C5E90066ACB902212846F4F769FEDAE736
:10C5E8001E606E60F6E782F31188BFF36F8F6FF0FD
:10C5F8000404D0E782F31188BFF36F8F6FF08504CE
:10C60800C9E782F31188BFF36F8FC4E7034658B1B7
:10C61800426802F00302012A03D0032A04D1026807
:10C6280012B10020986070476FF01500704742689B
:10C63800034602F00302032A4FF00002816014BF90
:10C64800104600685A6070477047FEE7012801D11C
:10C65800EFF30583F7F7FABB01460068FFF7F6BF6B
:10C6680008B5F5F745F8BDE80840F5F765B80021C5
:10C678000120FFF7EBBF036E83F30B88704761B6A9
:10C6880062B680F31188BFF36F8F704708B572B632
:10C69800002383F31188BFF36F8FF5F7BFFD50B107
:10C6A800BFF34F8F30BF00BF00BF00BF00BF00BF48
:10C6B80000BF00BF00BF62B6BFF36F8F08BD10B5E3
:10C6C800044672B6002383F31188BFF36F8FF5F722
:10C6D800A5FD50B1BFF34F8F20BF00BF00BF00BF03
:10C6E80000BF00BF00BF00BF00BF84F31188BFF3C5
:10C6F8006F8F62B610BD40E800F313F4803FD8B2E4
:10C7080008BF6FF01500704730B50C684B6885B0EE
:10C718000A894D890094013B24F01F04234402F048
:10C728001F0242EA451223F01F0369468DF80820CC
:10C738000393F5F709FB05B030BD08B5F5F7CCFC58
:10C74800002008BD0B464FF050220121C2F81416F4
:10C75800002118470C220369C9B201FB0233986F04
:10C7680000F00700704770B5C9B20369EFF311858F
:10C77800202484F31288BFF36F8F0C2606FB013444
:10C78800A46F14F0C00408D0A24206D085F3118823
:10C79800BFF36F8F4FF0FF3070BD012206FB0133EE
:10C7A8009A6785F31188BFF36F8F436803EBC10362
:10C7B8005B6898470020EFE78022FFF7D4BFF8B501
:10C7C800069F0469C9B2EFF31186202585F3128804
:10C7D800BFF36F8F0C2505FB0144A56F05F0070C0F
:10C7E800BCF1010F0CD1A76786F31188BFF36F8FD7
:10C7F800C4E91C23436853F8313098470020F8BD3A
:10C8080005F0C005AF4286F31188BFF36F8F0CBFE8
:10C818006FF077004FF0FF30F1E713B580240094F4
:10C82800FFF7CDFF02B010BD10B41C240069CBB2D5
:10C8380003FB0400002110BC10470320F6F76CBE70
:10C848000220F6F769BE0020F6F766BE032000F066
:10C8580024B9022000F021B9002000F01EB91046CA
:10C86800F7F73CBDF7B50F4616464FF48065002430
:10C87800A64203D816D0162003B0F0BD331BB3F57B
:10C88800806F38BF1D4600202A4601AB3919FBF7D7
:10C898004BFA20B9019BAB4201D12C44E8E76FF079
:10C8A8001500E9E70020E7E7002208B51146104621
:10C8B800FBF70AFA002818BF6FF0150008BD436897
:10C8C80000205B681B690B607047436802EA01003F
:10C8D8005B6821EA020198600020D96070474368CC
:10C8E80000205B6899607047436800205B68D960E6
:10C8F800704743685A68536821EA03000B40906008
:10C908000020D360704710B503695868F8B18842B1
:10C9180019D19C680868A142586000D1986000202D
:10C9280008602AB15A680A609A68596002B9996021
:10C93800002010E0814206D1086820609868814292
:10C94800EDD19C60EBE7044600680028F2D1002A8C
:10C95800E8D16FF0150010BD30B543681360057A53
:10C96800446804EBC504A34202D36FF0010030BD54
:10C978005C798C4201D00833F0E70020F7E7436880
:10C988001B68D3F88004C3F88004704742681368B2
:10C99800D3F8100150B10020126A12780A70C3F857
:10C9A8001001D3F8102101221A6070474FF0FF30B0
:10C9B800704702680346D2F8580140B95B68DB0744
:10C9C80006D4D2F82001003818BF01207047012092
:10C9D800704743681B68D3F80423D20517D5D3F8EA
:10C9E8002021A2B1EFF31182202181F31288BFF335
:10C9F8006F8FD3F8201131B10021C3F82011D3F87B
:10CA080020110121D96082F31188BFF36F8FD3F809
:10CA180058317047002200F150039B009BB203F18C
:10CA2800502303F580331A601B68704708B5F6F782
:10CA3800F1F908BD08B5F6F789FB002008BD08B56F
:10CA4800F8F770FF48B1002383F31188BFF36F8FA5
:10CA58000423184602DF6FF0040008BDFBF7D6B8C0
:10CA680008B5F4F747FDF4F72DFEBDE80840FBF7DD
:10CA7800CDB8004700F093B840F00040C1F88000FE
:10CA8800704740F00040C1F88000704740F0004017
:10CA9800C1F88000C2F880007047F6F79BBCF7B574
:10CAA8001646DDE90847019001A81D46F6F7DCFDAA
:10CAB800019BB6F1000C18BF4FF0010C00EB83008E
:10CAC8000B1E18BF0123002D43EA4C0314BF4FF07F
:10CAD8000C0C4FF0000C002C43EA0C0314BF4FF46D
:10CAE800706C4FF0000C002F43EA0C0314BF4FF496
:10CAF800403C4FF0000CD0F8002243EA0C0322EA35
:10CB0800030301B109780EB13678760019430DB1E7
:10CB18002D78AD0031430CB12478240229430FB19C
:10CB28003F783F040C433C43C0F8004203B0F0BDDB
:10CB38001FB50DF10F03019300238DF80F101A464E
:10CB480019460093FFF7ABFF05B05DF804FB38B555
:10CB5800054608460C46F6F7DBFDB0B10846F6F781
:10CB6800CBFD90B90846F6F7BBFD01232A68834040
:10CB7800C2F808332A6803B202EB8303D3F81025FE
:10CB880022F00302C3F8102538BD2046BDE838401E
:10CB98000021FFF7CDBFF6F73FBEFFF7D8BF08B1BA
:10CBA800F5F76EBB7047704740B1C368587810F00E
:10CBB80001001EBF1878B0FA80F040097047EFF303
:10CBC8001183202383F31288BFF36F8FFEE708B524
:10CBD800FFF7F5FF10B5D0E9003433B90020E2685B
:10CBE800537843F00103537010BD2046984700283E
:10CBF800F4D00028B8BF4042FF28A8BFFF20E36850
:10CC08001870ECE700F0FCBA00F0D3BA704741693D
:10CC1800836843EA010212F003020FD1C26002697D
:10CC2800013A01FB023382689A4201D90020704719
:10CC3800C2681A604269C3609B1AF4E76FF0150076
:10CC4800704710B5C0E9043200238160836104464F
:10CC5800FFF7DDFF0028A8BFC4E9004410BD2DE997
:10CC6800F04105460F46EFF31188202383F312881D
:10CC7800BFF36F8FC668F6B90468A0421BD0D4B161
:10CC8800D4E9003213605A60637BC4E9006623F07C
:10CC980002036373A66004F1180000F0D3F820467D
:10CCA800A667676100F06CF8414605F10800BDE829
:10CCB800F041F7F7F7BC3E60AB69EF60013BAB6151
:10CCC80088F31188BFF36F8FBDE8F081202408B581
:10CCD800EFF3118384F31288BFF36F8FFFF7D6FC4D
:10CCE800F6E790F90E308B4201D0F7F78DBC0020A3
:10CCF800704703460020C3E90033C3E902007047C8
:10CD0800EFF30580003818BF01207047D0E90032E2
:10CD180013605A600023C0E90033704708B5FFF775
:10CD2800F5FF437B23F0020343730023836008BDB0
:10CD380038B504460D46F7F7C9FB637B43F0020399
:10CD48006373E5B1A5602B689D4209D16B68C4E99E
:10CD580000531C606C6012E06A689A42F6D01B6847
:10CD6800002BF3D094F90E2093F90E108A42F3D0D9
:10CD78009142F1DD5A68C4E9003214605C6038BD44
:10CD880010B5EFF31184202383F31288BFF36F8F5C
:10CD9800F7F754FB84F31188BFF36F8F10BD01467A
:10CDA80010B5EFF31184202383F31288BFF36F8F3C
:10CDB800437B13F0280F0AD183680BB1FFF7AEFF4E
:10CDC8004B7B084623F004034B73F7F737FB84F3D8
:10CDD8001188BFF36F8F10BD01211838FFF7DFBF2F
:10CDE80038B50C460546F7F717FDB4F1FF3F08BF05
:10CDF800B5F1FF3F1FBF47F6FF7300224FF47A716A
:10CE0800C0FB013216BFD80B4FF0FF3040EA42405A
:10CE180038BD10B5F7F798FE0446F7F79DFE74B1D4
:10CE2800D4E904321B1A62EBE072B3F1004F72F1DD
:10CE3800000104DA002AACBF1846002010BD6FF0CC
:10CE48000040FBE7024638B5EFF31185202383F352
:10CE58001288BFF36F8F036893B1F7F775FE044626
:10CE68001046F7F783FE844204D1FFF7D2FF002172
:10CE7800F6F734F9002085F31188BFF36F8F38BDBA
:10CE88006FF01500F7E708B5F7F760FF08BD10B4B5
:10CE980000F10C04C0E9034410BCFFF797BA002066
:10CEA8007047704710B5044608B1F8F737F92046BF
:10CEB800BDE81040F8F722B90346C068E0B15888C9
:10CEC800D0B11B8803F44F42B2F5824F09D1DBB2CF
:10CED800272B2AD008D8172B0FD0222B34D0122B6F
:10CEE80016D06FF085007047302B2FD0413B012BB7
:10CEF800F7D8FF2839D100207047C028FBD0E12897
:10CF0800F9D0B0F5807F0CBF00206FF08600704725
:10CF180020F02003C02BEED020F08003B3F5807FF3
:10CF2800E9D040F209239842EDE7E928E3D0EF2859
:10CF3800E1D040F21B139842DDD040F29913984299
:10CF4800D9D040F23B23EEE7E928F1E720F02003AF
:10CF5800C02BD0D020F04003B3F5807FCBD0B0F504
:10CF6800C07FC8D0B0F5007FCDE7B0F5E07FCAE755
:10CF780041F2062398421AD8B0F5905F09D241F2DF
:10CF8800010398420CD0B0F5885F09D06FF0850096
:10CF980070476923A0F5905080B2C340DB07F5D5F0
:10CFA80011F0070F0CBF00206FF086007047B0F536
:10CFB800105FEBD121F04003802B06D0B1F5807FC4
:10CFC8000CBF00206FF0860070470020704770B5D6
:10CFD800446A05460E463CB90120F8F789F86862AC
:10CFE80028B12046AE6270BD6FF08A00FBE76FF093
:10CFF8008C00F8E7F8B51E460F4615460388C2B1FF
:10D0080003F4E043B3F5805F02D0B3F5005F10D1BD
:10D01800089BE90019600088FFF7AAFF044630B9A9
:10D028002A463946304600F0C4F8079B1D60204662
:10D03800F8BD6FF08504FAE710B50446406A10B1F0
:10D04800A16AFFF72FFF0020C4E9090010BD38B519
:10D058000546FFF7F1FF2B7F0446012B0ED0023B5C
:10D06800012B0ED82B6A012B18BF6FF096042C22C7
:10D078000021284600F0C4F8204638BD2B6A002B52
:10D08800F2E76FF09604F2E72DE9F04F4FF0000A4F
:10D098008DB08046DDE91B6B0846CBF800A00C4636
:10D0A80017461D46F8F79AF9814668BB23464FF4A0
:10D0B800807240460BA9F8F7E3F9814620BB294660
:10D0C8002046F8F779F98146D8B91A9BCDE9076B5C
:10D0D8000693199B0B980593189B00970493179B2D
:10D0E8000393169BCDE901532346D0E9091200F0BA
:10D0F80051F8814628B126B1324651461A9800F0B7
:10D108007FF80B98F8F784FD48460DB0BDE8F08F1E
:10D1180003466FF040420846591E914207D338B182
:10D1280003F1404393428CBF002001207047012047
:10D138007047034668B1017F8A1E012A0BD803296C
:10D14800026A03D1012A01D1FFF781BF1AB1013A5E
:10D158001A62002070476FF09600704700207047F1
:10D16800C0B2002814BF6FF085000020704700206F
:10D178007047704700226FF086001A60704710B43D
:10D188004468240A02D110BCFFF734BF6FF0860050
:10D1980010BC704710B44468240A02D110BCF9F7D7
:10D1A80005B96FF0860010BC70470020704700205A
:10D1B80070470A44431E914200D1704710B511F8D8
:10D1C800014B914203F8014FF9D110BD884210B5C7
:10D1D80001EB020402D98442234607D8431EA14228
:10D1E80008D011F8012B03F8012FF8E70244014693
:10D1F8008A4200D110BD13F8014D02F8014DF7E73E
:10D2080002440346934200D1704703F8011BF9E733
:10D218000139024410B5904201D1002005E003789D
:10D2280011F8014FA34201D0181B10BD0130F2E7DD
:10D238000246014410B58A42134603D01C780132D5
:10D24800002CF8D1181A10BD0A7870B56AB970BDEB
:10D258009A4209D10C46054614F8013F002BF6D036
:10D2680015F8016F9E42F7D001300378002BEFD1FB
:10D278001846ECE7F0B5C3F13707044603F01F037F
:10D288001046FFB2082BE6B232D0102B3DD065080D
:10D29800A40845EAC17544EA81748A082D1942EB4D
:10D2A8005102290941EA02716D1842EB1212290A4A
:10D2B80041EA02616D1842EB1222290C41EA02414F
:10D2C8006D1842EB1242AD1842F10002EC0844EA34
:10D2D8004274D10804EB8402A6EB4205EDB2092D95
:10D2E8000CD90134A5F10A0541F10001EDB212E0B3
:10D2F800E40806F0070544EA4174C908303554EAE1
:10D30800010200F8015BBDD1F0BD240906F00F054C
:10D3180044EA01740909092D84BFED19EDB2EDE75E
:10D3280001480068704700001409002069210000C6
:10D3380000000000AD22000000000000D123000022
:10D34800BCD30000D540000000000000914D000053
:10D3580000000000A9270000E4D30000A92700006E
:10D36800D0D3000065CA000000000000B1C800006A
:10D37800F8D300003D2C00000CD400005926000012
:10D3880000000000852F000000000000C5210000FB
:10D3980000000000092100000000000069CA000028
:10D3A800000000003DCA00000000000047CA00005D
:10D3B8000000000065DE000024D700006CD60000E5
:10D3C800800100208009002080DE00004CD700008A
:10D3D80048D6000084010020240A00208CDE0000CA
:10D3E80064D7000048D6000086010020300A0020DB
:10D3F80070DE00000000000044D700008201002019
:10D4080000000000A1DE00007CD7000088D60000E4
:10D41800880100203C0A00200000000077C60000B8
:10D428000000000077C600000000000077C600007A
:10D438000000000077C600000000000077C600006A
:10D44800F13500007BCA00000000000077C600002C
:10D458000000000077C600000CD40000DBC9000003
:10D468000000000077C600000000000077C600003A
:10D478000000000077C600000000000077C600002A
:10D488009D3C00007BCA00000000000077C6000039
:10D498000000000077C600000000000077C600000A
:10D4A8000000000077C600000000000077C60000FA
:10D4B8000000000077C600000000000077C60000EA
:10D4C80000000000153000000000000077C60000D2
:10D4D8000000000077C600000000000077C60000CA
:10D4E8000000000077C600000000000077C60000BA
:10D4F8000000000077C600000000000077C60000AA
:10D508000000000077C600000000000077C6000099
:10D518000000000077C600000000000077C6000089
:10D528000000000077C600000000000077C6000079
:10D538000000000077C600000000000077C6000069
:10D548000000000077C600000000000077C6000059
:10D558000000000077C600000000000077C6000049
:10D568000000000077C600000000000077C6000039
:10D578000000000077C600000000000077C6000029
:10D588000000000077C600000000000077C6000019
:10D598000000000077C600000000000077C6000009
:10D5A8000000000077C600000000000077C60000F9
:10D5B8000000000077C600000000000077C60000E9
:10D5C8000000000077C600000000000077C60000D9
:10D5D8000000000077C600000000000077C60000C9
:10D5E8000000000077C600000000000077C60000B9
:10D5F8000000000077C600000000000077C60000A9
:10D608000000000077C600000000000077C6000098
:10D618000000000077C600000000000077C6000088
:10D628000000000077C600000000000077C6000078
:10D638000000000077C600000000000077C6000068
:10D648003D280000C7C80000D3C80000E7C8000094
:10D65800F1C80000FBC80000A92600000FC900009F
:10D668000000000035240000C1C7000023C80000E6
:10D67800000000005DC7000000000000000000007E
:0CD6880095C90000892B000087C9000034
:10D6A0000338FDD8704700000000000053C600009A
:10D6B0004000002038000020300000200000000062
:10D6C0002800002039160000091500005D15000033
:10D6D000D11500000000002000000000060001003D
:10D6E00002000000E8D60000000000004DDE00004F
:10D6F00006000000E0FF0F000000002055DE0000E3
:10D7000021000000E0FF062048000020BD220000AC
:10D710004DC700000000000059230000292300002D
:10D7200000000000B52400009D2300004FC8000049
:10D7300061C8000049C800005BC8000043C8000081
:10D7400055C800006DC8000000000000FFFF000089
:10D7500000288450000000000100000000D00050AC
:10D7600000000000FFFFFFFF0025845000000000C4
:10D770000000000000D000500000000000800050B9
:10D780000100000000000000A0D700000000D6014A
:10D7900000000000000000007D2300207C2300200A
:10D7A00000800050ACD7000001000000B4D700009A
:10D7B000040000001400000013000002160600011F
:10D7C0001506000334D3000034D300008CD30000CE
:10D7D00094D30000BCD30000BCD300004661696C48
:10D7E00020746F2061637175697265206D75746551
:10D7F000780A00004661696C20746F20696E63725C
:10D800006561736520504D20636F756E7465720A93
:10D81000000000004661696C20746F2064656372CB
:10D820006561736520504D20636F756E7465720A73
:10D83000000000004661696C20746F2072656C65A1
:10D84000617365206D757465780A0000436F756CAF
:10D8500064206E6F74206C6F636B20706F776572DD
:10D860002073617665206D7574657800FF8FFFFF0A
:10D87000FF8FFFFFFE8FFFFFFE8FFFFFFD8FFFFF7C
:10D88000FC8FFFFFFC8FFFFFFB8FFFFF6D75746543
:10D89000785F667265652063616C6C65642077698A
:10D8A0007468204E554C4C20706172616D657465D2
:10D8B0007200000043616E277420696E69746961AB
:10D8C0006C697A65206D757465782C20776173209A
:10D8D0004E554C4C0D0A000067E6096A85AE67BBE1
:10D8E00072F36E3C3AF54FA57F520E518C68059B42
:10D8F000ABD9831F19CDE05BD89E05C107D57C3617
:10D9000017DD703039590EF7310BC0FF111558680B
:10D91000A78FF964A44FFABE0123456789ABCDEF09
:10D92000FEDCBA9876543210F0E1D2C34661696CDD
:10D9300020746F2070726570617265206368616326
:10D940006861206B65790A004661696C20746F20FC
:10D950006C6F616420636861636861206B65790A3C
:10D96000000000004661696C20746F20636C656183
:10D970006E20636861636861206B65790A0000004E
:10D98000000000000000000080000000FBFFFFFF1F
:10D99000FFFFFFFFFFFFFFFFFFFFFFFF0300000090
:10D9A000000102030405060708090A0B0C0D0E0FFF
:10D9B000101112131415161718191A1B1C1D1E1FEF
:10D9C0004661696C20746F20756E6C6F636B206D9F
:10D9D000757465780A0000006374782063616E6E68
:10D9E0006F74206265204E554C4C00000A637478B9
:10D9F000206973204E554C4C0A000401000124019B
:10DA00002001020001000002000148572041455357
:10DA10002D3132382D43434D007C20252D31387374
:10DA2000207C2020202A4641494C2A207C2020208E
:10DA30002A4641494C2A207C2020202A4641494C34
:10DA40002A207C2020202A4641494C2A207C0A009A
:10DA50004857206661696C757265206465746169F8
:10DA60006C3A2072656164793D256420696E697441
:10DA70003D256420696D706F72743D2564206C6172
:10DA800073743D2564206F75745F6C656E3D2575FC
:10DA90000A007C20252D313873207C202537642E08
:10DAA00025303364207C202539642E2530326420D3
:10DAB0007C20253975207C202539642E2530326460
:10DAC000207C0A0048573A206E6F742072656164AA
:10DAD000792028696E69743D256420696D706F72C4
:10DAE000743D2564290A000A0A003D3D3D3D3D3D47
:10DAF0003D3D3D3D3D3D3D3D3D3D3D3D3D3D3D3D56
:10DB00003D3D3D3D3D3D3D3D3D3D3D3D3D3D3D3D45
:10DB10003D3D3D3D3D3D3D3D3D3D3D3D3D3D3D3D35
:10DB20003D3D3D3D3D3D3D3D3D3D3D3D3D3D3D3D25
:10DB30003D3D3D3D3D3D3D3D0A0020202020202033
:10DB400048415341432042454E43484D41524B20AA
:10DB5000535549544520286E524635333430202FD2
:10DB600020436F72746578204D3333290A002020DA
:10DB7000202020205061796C6F61643A2025642058
:10DB80006279746573207C2049746572733A20252C
:10DB900064207C20506F7765723A202564206D5791
:10DBA000207C20436C6F636B3A20257520487A0AED
:10DBB000007C20416C676F726974686D20202020A2
:10DBC0002020202020207C202054696D6520286D95
:10DBD000732920207C2020456E6572677928754A5C
:10DBE0002920207C20435055204379636C65737C49
:10DBF00020205370656564286B422F7329207C0AAE
:10DC0000007C2D2D2D2D2D2D2D2D2D2D2D2D2D2D22
:10DC10002D2D2D2D2D2D7C2D2D2D2D2D2D2D2D2DE5
:10DC20002D2D2D2D7C2D2D2D2D2D2D2D2D2D2D2DD5
:10DC30002D2D2D7C2D2D2D2D2D2D2D2D2D2D2D7C76
:10DC40002D2D2D2D2D2D2D2D2D2D2D2D2D2D7C0AD8
:10DC5000005357204145532D3132382D43434D0059
:10DC600053572043686143686120506F6C790053BB
:10DC700057204C5A34204465636F6D70726573731E
:10DC80000001020408102040801B36637C777BF281
:10DC90006B6FC53001672BFED7AB76CA82C97DFAA0
:10DCA0005947F0ADD4A2AF9CA472C0B7FD932636FD
:10DCB0003FF7CC34A5E5F171D8311504C723C3185B
:10DCC00096059A071280E2EB27B27509832C1A1B7E
:10DCD0006E5AA0523BD6B329E32F8453D100ED20D6
:10DCE000FCB15B6ACBBE394A4C58CFD0EFAAFB439C
:10DCF0004D338545F9027F503C9FA851A3408F9238
:10DD00009D38F5BCB6DA2110FFF3D2CD0C13EC5FD1
:10DD1000974417C4A77E3D645D197360814FDC2270
:10DD20002A908846EEB814DE5E0BDBE0323A0A49F0
:10DD300006245CC2D3AC629195E479E7C8376D8D57
:10DD4000D54EA96C56F4EA657AAE08BA78252E1C31
:10DD5000A6B4C6E8DD741F4BBD8B8A703EB566481D
:10DD600003F60E613557B986C11D9EE1F898116919
:10DD7000D98E949B1E87E9CE5528DF8CA1890DBFD3
:10DD8000E6426841992D0FB054BB161F000100F008
:10DD9000005000000000002A2A2A20426F6F746998
:10DDA0006E67206E524620436F6E6E65637420531B
:10DDB000444B2076332E302E302D3362666334365A
:10DDC000353738653432202A2A2A0A002A2A2A209E
:10DDD0005573696E67205A6570687972204F5320B9
:10DDE00076342E302E39392D33653063653736332E
:10DDF00036666136202A2A2A0A006D757465785FB6
:10DE0000696E69742063616C6C65642077697468FD
:10DE1000204E554C4C20706172616D6574657200C6
:10DE2000436F756C64206E6F7420616C6C6F6361FE
:10DE30007465206D75746578206265666F72652003
:10DE4000696E697469616C697A696E6700464C41F4
:10DE500053485F30005352414D5F3000657869741C
:10DE60000000000001636C6F636B403530303000A0
:10DE700063727970746F403530383434303030002C
:10DE80006770696F40383432383030006770696FBE
:10DE900040383432353030000001020304050607F3
:10DEA0000B756172744038303030000000000101A1
:10DEB000010000010000000C04241C002030303060
:10DEC000303030303030303030303000016D61690A
:10DED0006E00141400001C2030401C2000001C2088
:10DEE00030400040286E756C6C29002A666C6F61AA
:10DEF000742A000077FFFFFF77FFFFFF77FFFFFF28
:10DF000085C40000F00100203A000000DC01002080
:10DF10003A000000B40100203A000000C8010020CF
:10DF20003A000000040200203A000000A001002096
:10DF30003A000000180200203A0000000000000033
:10DF400043C7000000000000000000000090D00364
:10DF50000070015000000000FFFFFFFF3F000000C5
:10DF6000FFFFFFFF3F000000000000000000000076
:10DF700000000000000000000000000000000000A1
:10DF80000000000000000000000000000000000091
:10DF90000000000000000000000000000000000081
:10DFA0000000000000000000000000000000000071
:10DFB0000000000000000000000000000000000061
:10DFC0000000000000000000000000000000000051
:10DFD000000000000000000008000000FF0000003A
:10DFE000000000000300000000000000F800002016
:10DFF000F8000020ABCE0000A7CE000009D2000040
:10E0000014010020440100203C01002038010020C0
:10E0100034010020097C0000FD7B0000F17B000042
:10E0200000000000597C0000700100206801002001
:10E03000600100200000000058010020297E00003F
:10E04000757D0000A97D0000F17D00000012002018
:10E050003A00003A041200203A00003A0812002068
:10E060003A00003A0C1200203A00003A74170020DF
:0EE07000541700200000000000000000000017
:10E0800000000000C08C00200080000000000000A4
:10E0900000000000A0010020A001002000000000FE
:10E0A000000000000E000000B4010020B4010020B8
:10E0B00000000000000000000E000000C801002069
:10E0C000C801002000000000000000000E00000059
:10E0D000DC010020DC010020000000000000000046
:10E0E0000E000000F0010020F00100200000000000
:10E0F000000000000E0000000402002004020020C6
:10E1000000000000000000000E00000018020020C7
:10E110001802002000000000000000000E000000B7
:04E1200015E015E011
:00000001FF
